2026-07-11 15:59:27,684 - INFO - Configuration: {'batch_size': 256, 'infer_size': 96, 'num_epochs': 200, 'lr': 0.0001, 'weight_decay': 0, 'lr_scheduler_type': 'none', 'warmup_steps': 10000, 'device': 'cuda', 'num_layers': 4, 'num_decoder_layers': 4, 'd_model': 128, 'd_ff': 1024, 'num_heads': 6, 'd_kv': 64, 'dropout_rate': 0.1, 'vocab_size': 1025, 'pad_token_id': 0, 'eos_token_id': 0, 'feed_forward_proj': 'relu', 'max_len': 20, 'dataset_path': 'data/Beauty', 'code_path': 'data/Beauty/Beauty_kmeans_code-L4-lam1.npy', 'mode': 'train', 'log_path': 'model/logs/tiger_kmeans_L4_lam1.log', 'seed': 2025, 'save_path': './model/ckpt/tiger.pth', 'early_stop': 10, 'topk_list': [5, 10, 20], 'beam_size': 30, 'use_user_token': False, 'num_user_tokens': 2000, 'use_listwise_loss': False, 'listwise_weight': 0.1, 'neg_per_strategy': 4, 'listwise_temperature': 1.0, 'model_neg_refresh_interval': 0, 'use_first_diff_loss': False, 'first_diff_weight': 0.0, 'ckpt_dir': './model/ckpt/Beauty_kmeans_L4_lam1'}
2026-07-11 15:59:27,809 - INFO - #Embedding parameters: 131200
#Non-embedding parameters: 4459648
#Total trainable parameters: 4590848
2026-07-11 15:59:33,453 - INFO - LR scheduler: none (warmup_steps=10000, total_steps=102800)
2026-07-11 15:59:33,628 - INFO - Epoch 1/200
2026-07-11 16:00:10,968 - INFO - Train: total=6.4825
2026-07-11 16:00:42,885 - INFO - Val: CE=5.8813  recalls={'Recall@5': 0.0030847640324367987, 'Recall@10': 0.004291845585495361, 'Recall@20': 0.004649499375293183}
2026-07-11 16:00:42,885 - INFO - Val: ndcgs={'NDCG@5': 0.0023175231300997887, 'NDCG@10': 0.0027189094647205566, 'NDCG@20': 0.0028122334057553134}
2026-07-11 16:00:42,886 - INFO - Val: mrrs={'MRR@5': 0.002081098048967737, 'MRR@10': 0.0022535027722256507, 'MRR@20': 0.002280767514148543}
2026-07-11 16:01:15,013 - INFO - Best NDCG@20: 0.0028122334057553134
2026-07-11 16:01:15,013 - INFO - Test: CE=5.9567  recalls={'Recall@5': 0.0014753219323800357, 'Recall@10': 0.0020118026310665927, 'Recall@20': 0.002458869883302967}
2026-07-11 16:01:15,014 - INFO - Test: ndcgs={'NDCG@5': 0.0010619456739896357, 'NDCG@10': 0.0012410843231247602, 'NDCG@20': 0.0013639846638788353}
2026-07-11 16:01:15,014 - INFO - Test: mrrs={'MRR@5': 0.000931390108492689, 'MRR@10': 0.001008810800232409, 'MRR@20': 0.0010479049961474353}
2026-07-11 16:01:15,052 - INFO - Best model saved to ./model/ckpt/Beauty_kmeans_L4_lam1/Jul-11-2026_15-59-27/best_model.pth
2026-07-11 16:01:15,052 - INFO - Epoch 2/200
2026-07-11 16:01:50,600 - INFO - Train: total=5.6661
2026-07-11 16:02:23,797 - INFO - Val: CE=5.3184  recalls={'Recall@5': 0.0075107298175856275, 'Recall@10': 0.009924892887728921, 'Recall@20': 0.012964950150974063}
2026-07-11 16:02:23,798 - INFO - Val: ndcgs={'NDCG@5': 0.004547684157642939, 'NDCG@10': 0.00533286220486008, 'NDCG@20': 0.006101741952134113}
2026-07-11 16:02:23,798 - INFO - Val: mrrs={'MRR@5': 0.0035996364785334327, 'MRR@10': 0.003926563267036473, 'MRR@20': 0.004137517132420621}
2026-07-11 16:02:53,155 - INFO - Best NDCG@20: 0.006101741952134113
2026-07-11 16:02:53,155 - INFO - Test: CE=5.4330  recalls={'Recall@5': 0.004202432151036457, 'Recall@10': 0.005901287705537587, 'Recall@20': 0.0077789701289565265}
2026-07-11 16:02:53,155 - INFO - Test: ndcgs={'NDCG@5': 0.0023960742435933696, 'NDCG@10': 0.002937231009002663, 'NDCG@20': 0.003416832453519298}
2026-07-11 16:02:53,155 - INFO - Test: mrrs={'MRR@5': 0.001820308820828156, 'MRR@10': 0.00203887502964618, 'MRR@20': 0.0021727029069290842}
2026-07-11 16:02:53,198 - INFO - Best model saved to ./model/ckpt/Beauty_kmeans_L4_lam1/Jul-11-2026_15-59-27/best_model.pth
2026-07-11 16:02:53,198 - INFO - Epoch 3/200
2026-07-11 16:03:25,703 - INFO - Train: total=5.1939
2026-07-11 16:03:49,747 - INFO - Val: CE=4.9040  recalls={'Recall@5': 0.00886421359260067, 'Recall@10': 0.012443207939806926, 'Recall@20': 0.0182997888002081}
2026-07-11 16:03:49,747 - INFO - Val: ndcgs={'NDCG@5': 0.005476655948171672, 'NDCG@10': 0.006619159426028509, 'NDCG@20': 0.008085294461773125}
2026-07-11 16:03:49,747 - INFO - Val: mrrs={'MRR@5': 0.004354770707022479, 'MRR@10': 0.004817752772642404, 'MRR@20': 0.00521239892143932}
2026-07-11 16:04:13,896 - INFO - Best NDCG@20: 0.008085294461773125
2026-07-11 16:04:13,897 - INFO - Test: CE=5.0444  recalls={'Recall@5': 0.0045600859528255565, 'Recall@10': 0.007644849965276892, 'Recall@20': 0.01327789721954534}
2026-07-11 16:04:13,897 - INFO - Test: ndcgs={'NDCG@5': 0.002816495953263643, 'NDCG@10': 0.003802005771163835, 'NDCG@20': 0.005208797082344925}
2026-07-11 16:04:13,897 - INFO - Test: mrrs={'MRR@5': 0.0022412971363606755, 'MRR@10': 0.0026411561928929303, 'MRR@20': 0.0030177520411169005}
2026-07-11 16:04:13,946 - INFO - Best model saved to ./model/ckpt/Beauty_kmeans_L4_lam1/Jul-11-2026_15-59-27/best_model.pth
2026-07-11 16:04:13,946 - INFO - Epoch 4/200
2026-07-11 16:04:47,233 - INFO - Train: total=4.8158
2026-07-11 16:05:10,774 - INFO - Val: CE=4.5587  recalls={'Recall@5': 0.013876279604185549, 'Recall@10': 0.020462906439768655, 'Recall@20': 0.030605928608628045}
2026-07-11 16:05:10,775 - INFO - Val: ndcgs={'NDCG@5': 0.008273211627591065, 'NDCG@10': 0.010394176605153557, 'NDCG@20': 0.012963184640171254}
2026-07-11 16:05:10,775 - INFO - Val: mrrs={'MRR@5': 0.006448601130715895, 'MRR@10': 0.007318668778937774, 'MRR@20': 0.008024575606202348}
2026-07-11 16:05:34,836 - INFO - Best NDCG@20: 0.012963184640171254
2026-07-11 16:05:34,837 - INFO - Test: CE=4.7136  recalls={'Recall@5': 0.008628397876228898, 'Recall@10': 0.013821747142006144, 'Recall@20': 0.0232371797529349}
2026-07-11 16:05:34,837 - INFO - Test: ndcgs={'NDCG@5': 0.005083238402213661, 'NDCG@10': 0.006766688925026248, 'NDCG@20': 0.009140773858203525}
2026-07-11 16:05:34,837 - INFO - Test: mrrs={'MRR@5': 0.003932701575653747, 'MRR@10': 0.004629132970907754, 'MRR@20': 0.005276217821849582}
2026-07-11 16:05:34,888 - INFO - Best model saved to ./model/ckpt/Beauty_kmeans_L4_lam1/Jul-11-2026_15-59-27/best_model.pth
2026-07-11 16:05:34,888 - INFO - Epoch 5/200
2026-07-11 16:06:06,610 - INFO - Train: total=4.5157
2026-07-11 16:06:30,470 - INFO - Val: CE=4.2836  recalls={'Recall@5': 0.01570434241591605, 'Recall@10': 0.02752411241998872, 'Recall@20': 0.04067231056404344}
2026-07-11 16:06:30,470 - INFO - Val: ndcgs={'NDCG@5': 0.009938184177910694, 'NDCG@10': 0.01374223668432031, 'NDCG@20': 0.017027485615058197}
2026-07-11 16:06:30,470 - INFO - Val: mrrs={'MRR@5': 0.008071299613345526, 'MRR@10': 0.009630879652566504, 'MRR@20': 0.010512144191394452}
2026-07-11 16:06:54,265 - INFO - Best NDCG@20: 0.017027485615058197
2026-07-11 16:06:54,266 - INFO - Test: CE=4.4524  recalls={'Recall@5': 0.010689820063024632, 'Recall@10': 0.01963116490789749, 'Recall@20': 0.0315550866660706}
2026-07-11 16:06:54,266 - INFO - Test: ndcgs={'NDCG@5': 0.006685345265774512, 'NDCG@10': 0.009590289130798929, 'NDCG@20': 0.012549854278396576}
2026-07-11 16:06:54,266 - INFO - Test: mrrs={'MRR@5': 0.005383172756972295, 'MRR@10': 0.00658936720879053, 'MRR@20': 0.007372553186748944}
2026-07-11 16:06:54,313 - INFO - Best model saved to ./model/ckpt/Beauty_kmeans_L4_lam1/Jul-11-2026_15-59-27/best_model.pth
2026-07-11 16:06:54,313 - INFO - Epoch 6/200
2026-07-11 16:07:25,763 - INFO - Train: total=4.2697
2026-07-11 16:07:49,681 - INFO - Val: CE=4.0682  recalls={'Recall@5': 0.018212831790994678, 'Recall@10': 0.030437418527485476, 'Recall@20': 0.04648172824599584}
2026-07-11 16:07:49,681 - INFO - Val: ndcgs={'NDCG@5': 0.011388428691103096, 'NDCG@10': 0.01534834786422167, 'NDCG@20': 0.019392307297138763}
2026-07-11 16:07:49,682 - INFO - Val: mrrs={'MRR@5': 0.00915380830221006, 'MRR@10': 0.010791514558985414, 'MRR@20': 0.01189504471800366}
2026-07-11 16:08:13,390 - INFO - Best NDCG@20: 0.019392307297138763
2026-07-11 16:08:13,390 - INFO - Test: CE=4.2454  recalls={'Recall@5': 0.012383762739055146, 'Recall@10': 0.022718385273646644, 'Recall@20': 0.03678331704002849}
2026-07-11 16:08:13,390 - INFO - Test: ndcgs={'NDCG@5': 0.0076717318958990565, 'NDCG@10': 0.011014110263828748, 'NDCG@20': 0.014546054149598139}
2026-07-11 16:08:13,390 - INFO - Test: mrrs={'MRR@5': 0.006138978433063805, 'MRR@10': 0.007517434591167635, 'MRR@20': 0.00847359519434869}
2026-07-11 16:08:13,435 - INFO - Best model saved to ./model/ckpt/Beauty_kmeans_L4_lam1/Jul-11-2026_15-59-27/best_model.pth
2026-07-11 16:08:13,435 - INFO - Epoch 7/200
2026-07-11 16:08:44,435 - INFO - Train: total=4.0733
2026-07-11 16:09:07,536 - INFO - Val: CE=3.8760  recalls={'Recall@5': 0.021342302424745243, 'Recall@10': 0.03387983635771428, 'Recall@20': 0.05095485716162833}
2026-07-11 16:09:07,537 - INFO - Val: ndcgs={'NDCG@5': 0.013849091634170307, 'NDCG@10': 0.017882434711211998, 'NDCG@20': 0.022151738054482787}
2026-07-11 16:09:07,537 - INFO - Val: mrrs={'MRR@5': 0.011389103591194289, 'MRR@10': 0.01304142983068708, 'MRR@20': 0.014188968891261922}
2026-07-11 16:09:30,837 - INFO - Best NDCG@20: 0.022151738054482787
2026-07-11 16:09:30,837 - INFO - Test: CE=4.0574  recalls={'Recall@5': 0.016362661188028656, 'Recall@10': 0.025271581353963443, 'Recall@20': 0.03924709978181661}
2026-07-11 16:09:30,837 - INFO - Test: ndcgs={'NDCG@5': 0.01025465572484701, 'NDCG@10': 0.013146440917226315, 'NDCG@20': 0.016655158636244134}
2026-07-11 16:09:30,837 - INFO - Test: mrrs={'MRR@5': 0.00826478312131769, 'MRR@10': 0.009465326935296694, 'MRR@20': 0.010416196989966757}
2026-07-11 16:09:30,872 - INFO - Best model saved to ./model/ckpt/Beauty_kmeans_L4_lam1/Jul-11-2026_15-59-27/best_model.pth
2026-07-11 16:09:30,872 - INFO - Epoch 8/200
2026-07-11 16:10:04,335 - INFO - Train: total=3.9115
2026-07-11 16:10:29,510 - INFO - Val: CE=3.7316  recalls={'Recall@5': 0.02157320531061151, 'Recall@10': 0.03286632020905806, 'Recall@20': 0.05135721749278353}
2026-07-11 16:10:29,510 - INFO - Val: ndcgs={'NDCG@5': 0.013391871686800994, 'NDCG@10': 0.017026784942713227, 'NDCG@20': 0.021710178097350274}
2026-07-11 16:10:29,510 - INFO - Val: mrrs={'MRR@5': 0.010725667324444767, 'MRR@10': 0.012216174409448973, 'MRR@20': 0.013505738603536743}
2026-07-11 16:10:29,510 - INFO - No improvement in NDCG@20. Early stop counter: 1
2026-07-11 16:10:29,511 - INFO - Epoch 9/200
2026-07-11 16:11:02,541 - INFO - Train: total=3.7731
2026-07-11 16:11:26,361 - INFO - Val: CE=3.6011  recalls={'Recall@5': 0.020316504221809268, 'Recall@10': 0.035054493375730106, 'Recall@20': 0.05493129920534182}
2026-07-11 16:11:26,361 - INFO - Val: ndcgs={'NDCG@5': 0.013087215125880527, 'NDCG@10': 0.0178374908534738, 'NDCG@20': 0.022847371341764542}
2026-07-11 16:11:26,361 - INFO - Val: mrrs={'MRR@5': 0.010727968139877711, 'MRR@10': 0.012678457832747327, 'MRR@20': 0.014045401829067026}
2026-07-11 16:11:50,117 - INFO - Best NDCG@20: 0.022847371341764542
2026-07-11 16:11:50,118 - INFO - Test: CE=3.7873  recalls={'Recall@5': 0.013950954491168644, 'Recall@10': 0.026168172171763083, 'Recall@20': 0.04359102114843197}
2026-07-11 16:11:50,118 - INFO - Test: ndcgs={'NDCG@5': 0.009138309894441407, 'NDCG@10': 0.013100497143806754, 'NDCG@20': 0.017488567335451174}
2026-07-11 16:11:50,118 - INFO - Test: mrrs={'MRR@5': 0.007564246773424003, 'MRR@10': 0.00920521684816355, 'MRR@20': 0.01040095302187378}
2026-07-11 16:11:50,165 - INFO - Best model saved to ./model/ckpt/Beauty_kmeans_L4_lam1/Jul-11-2026_15-59-27/best_model.pth
2026-07-11 16:11:50,165 - INFO - Epoch 10/200
2026-07-11 16:12:23,350 - INFO - Train: total=3.6574
2026-07-11 16:12:47,115 - INFO - Val: CE=3.4895  recalls={'Recall@5': 0.020366123693599466, 'Recall@10': 0.03554626717332095, 'Recall@20': 0.05627495731534876}
2026-07-11 16:12:47,115 - INFO - Val: ndcgs={'NDCG@5': 0.013187850469747327, 'NDCG@10': 0.01813374651104308, 'NDCG@20': 0.023346768436321885}
2026-07-11 16:12:47,115 - INFO - Val: mrrs={'MRR@5': 0.010835215222498187, 'MRR@10': 0.012897805665028102, 'MRR@20': 0.014315265597068094}
2026-07-11 16:13:11,330 - INFO - Best NDCG@20: 0.023346768436321885
2026-07-11 16:13:11,330 - INFO - Test: CE=3.6792  recalls={'Recall@5': 0.014892252142113422, 'Recall@10': 0.02778252705436024, 'Recall@20': 0.04467135180955025}
2026-07-11 16:13:11,331 - INFO - Test: ndcgs={'NDCG@5': 0.009387697950565124, 'NDCG@10': 0.01357419912347594, 'NDCG@20': 0.017800334142521024}
2026-07-11 16:13:11,331 - INFO - Test: mrrs={'MRR@5': 0.007593674622196305, 'MRR@10': 0.009332162958106162, 'MRR@20': 0.010469329290845443}
2026-07-11 16:13:11,380 - INFO - Best model saved to ./model/ckpt/Beauty_kmeans_L4_lam1/Jul-11-2026_15-59-27/best_model.pth
2026-07-11 16:13:11,380 - INFO - Epoch 11/200
2026-07-11 16:13:42,363 - INFO - Train: total=3.5550
2026-07-11 16:14:05,888 - INFO - Val: CE=3.3933  recalls={'Recall@5': 0.021342302440733613, 'Recall@10': 0.03738906858448946, 'Recall@20': 0.05736265697640411}
2026-07-11 16:14:05,889 - INFO - Val: ndcgs={'NDCG@5': 0.013392953014265059, 'NDCG@10': 0.01857786634817016, 'NDCG@20': 0.02362831757611759}
2026-07-11 16:14:05,889 - INFO - Val: mrrs={'MRR@5': 0.01081092117150422, 'MRR@10': 0.012947760065697742, 'MRR@20': 0.014334571180323562}
2026-07-11 16:14:28,999 - INFO - Best NDCG@20: 0.02362831757611759
2026-07-11 16:14:28,999 - INFO - Test: CE=3.5833  recalls={'Recall@5': 0.014800382258426477, 'Recall@10': 0.028947358331423204, 'Recall@20': 0.04695385109329428}
2026-07-11 16:14:29,000 - INFO - Test: ndcgs={'NDCG@5': 0.009305428293865383, 'NDCG@10': 0.013886815120861765, 'NDCG@20': 0.018423048391650418}
2026-07-11 16:14:29,000 - INFO - Test: mrrs={'MRR@5': 0.007520162368537019, 'MRR@10': 0.009415053888403935, 'MRR@20': 0.01065091702906223}
2026-07-11 16:14:29,048 - INFO - Best model saved to ./model/ckpt/Beauty_kmeans_L4_lam1/Jul-11-2026_15-59-27/best_model.pth
2026-07-11 16:14:29,048 - INFO - Epoch 12/200
2026-07-11 16:15:01,756 - INFO - Train: total=3.4680
2026-07-11 16:15:25,376 - INFO - Val: CE=3.3044  recalls={'Recall@5': 0.02115610627609389, 'Recall@10': 0.03808226842880889, 'Recall@20': 0.05869157679075207}
2026-07-11 16:15:25,376 - INFO - Val: ndcgs={'NDCG@5': 0.013571933851189624, 'NDCG@10': 0.01902868767077095, 'NDCG@20': 0.024211529891162535}
2026-07-11 16:15:25,377 - INFO - Val: mrrs={'MRR@5': 0.011089069147238532, 'MRR@10': 0.013330505759147487, 'MRR@20': 0.01473754365671658}
2026-07-11 16:15:48,323 - INFO - Best NDCG@20: 0.024211529891162535
2026-07-11 16:15:48,323 - INFO - Test: CE=3.4930  recalls={'Recall@5': 0.014941871693845471, 'Recall@10': 0.028281670211626482, 'Recall@20': 0.04757728877321461}
2026-07-11 16:15:48,323 - INFO - Test: ndcgs={'NDCG@5': 0.009803915288411241, 'NDCG@10': 0.014109758392392055, 'NDCG@20': 0.018951926531286134}
2026-07-11 16:15:48,324 - INFO - Test: mrrs={'MRR@5': 0.008127117553494007, 'MRR@10': 0.009898653254412563, 'MRR@20': 0.011207667710019732}
2026-07-11 16:15:48,369 - INFO - Best model saved to ./model/ckpt/Beauty_kmeans_L4_lam1/Jul-11-2026_15-59-27/best_model.pth
2026-07-11 16:15:48,369 - INFO - Epoch 13/200
2026-07-11 16:16:21,482 - INFO - Train: total=3.3886
2026-07-11 16:16:44,382 - INFO - Val: CE=3.2354  recalls={'Recall@5': 0.024116575705934746, 'Recall@10': 0.03939104555454505, 'Recall@20': 0.060760368109388924}
2026-07-11 16:16:44,383 - INFO - Val: ndcgs={'NDCG@5': 0.015554127828997476, 'NDCG@10': 0.020463183200458472, 'NDCG@20': 0.02583314887999433}
2026-07-11 16:16:44,383 - INFO - Val: mrrs={'MRR@5': 0.012758783212675045, 'MRR@10': 0.014766863531776796, 'MRR@20': 0.016223482088367713}
2026-07-11 16:17:07,723 - INFO - Best NDCG@20: 0.02583314887999433
2026-07-11 16:17:07,723 - INFO - Test: CE=3.4278  recalls={'Recall@5': 0.017798189185719633, 'Recall@10': 0.029700003388485684, 'Recall@20': 0.04798210576944085}
2026-07-11 16:17:07,724 - INFO - Test: ndcgs={'NDCG@5': 0.011052702567560095, 'NDCG@10': 0.014823455066727914, 'NDCG@20': 0.019454467852795778}
2026-07-11 16:17:07,724 - INFO - Test: mrrs={'MRR@5': 0.008862846103285004, 'MRR@10': 0.010373338546839746, 'MRR@20': 0.011649020978493432}
2026-07-11 16:17:07,771 - INFO - Best model saved to ./model/ckpt/Beauty_kmeans_L4_lam1/Jul-11-2026_15-59-27/best_model.pth
2026-07-11 16:17:07,772 - INFO - Epoch 14/200
2026-07-11 16:17:41,229 - INFO - Train: total=3.3173
2026-07-11 16:18:04,324 - INFO - Val: CE=3.1650  recalls={'Recall@5': 0.022109685961332955, 'Recall@10': 0.0397909496043501, 'Recall@20': 0.06339315199513036}
2026-07-11 16:18:04,325 - INFO - Val: ndcgs={'NDCG@5': 0.013632030432140495, 'NDCG@10': 0.01931190420173972, 'NDCG@20': 0.025251033675932833}
2026-07-11 16:18:04,325 - INFO - Val: mrrs={'MRR@5': 0.010875860632840911, 'MRR@10': 0.013198159193887891, 'MRR@20': 0.01481335412944735}
2026-07-11 16:18:04,325 - INFO - No improvement in NDCG@20. Early stop counter: 1
2026-07-11 16:18:04,325 - INFO - Epoch 15/200
2026-07-11 16:18:37,532 - INFO - Train: total=3.2533
2026-07-11 16:19:00,688 - INFO - Val: CE=3.1080  recalls={'Recall@5': 0.02395494370181673, 'Recall@10': 0.04257996147298634, 'Recall@20': 0.06551647564803965}
2026-07-11 16:19:00,688 - INFO - Val: ndcgs={'NDCG@5': 0.015352071934407617, 'NDCG@10': 0.021294188925540754, 'NDCG@20': 0.02709028871266307}
2026-07-11 16:19:00,688 - INFO - Val: mrrs={'MRR@5': 0.012546778574601902, 'MRR@10': 0.014951696058299569, 'MRR@20': 0.01653939332636153}
2026-07-11 16:19:24,411 - INFO - Best NDCG@20: 0.02709028871266307
2026-07-11 16:19:24,411 - INFO - Test: CE=3.2998  recalls={'Recall@5': 0.016861804421239655, 'Recall@10': 0.031912740575781195, 'Recall@20': 0.05403716477281674}
2026-07-11 16:19:24,411 - INFO - Test: ndcgs={'NDCG@5': 0.01073351604544234, 'NDCG@10': 0.015571434924163147, 'NDCG@20': 0.02114805152995488}
2026-07-11 16:19:24,412 - INFO - Test: mrrs={'MRR@5': 0.008742956792368141, 'MRR@10': 0.010721929650154173, 'MRR@20': 0.01224295136093086}
2026-07-11 16:19:24,461 - INFO - Best model saved to ./model/ckpt/Beauty_kmeans_L4_lam1/Jul-11-2026_15-59-27/best_model.pth
2026-07-11 16:19:24,461 - INFO - Epoch 16/200
2026-07-11 16:19:57,949 - INFO - Train: total=3.1993
2026-07-11 16:20:21,453 - INFO - Val: CE=3.0433  recalls={'Recall@5': 0.026103322897825885, 'Recall@10': 0.04317097449395406, 'Recall@20': 0.06735436434861544}
2026-07-11 16:20:21,454 - INFO - Val: ndcgs={'NDCG@5': 0.01592709584753209, 'NDCG@10': 0.021461828843622504, 'NDCG@20': 0.027511356253568642}
2026-07-11 16:20:21,454 - INFO - Val: mrrs={'MRR@5': 0.012623205685052749, 'MRR@10': 0.014916076891967636, 'MRR@20': 0.016542597561914778}
2026-07-11 16:20:44,487 - INFO - Best NDCG@20: 0.027511356253568642
2026-07-11 16:20:44,488 - INFO - Test: CE=3.2347  recalls={'Recall@5': 0.01762918796182446, 'Recall@10': 0.032625591834055764, 'Recall@20': 0.05404207761131643}
2026-07-11 16:20:44,488 - INFO - Test: ndcgs={'NDCG@5': 0.011152954470334263, 'NDCG@10': 0.01598965438370605, 'NDCG@20': 0.021364478407379702}
2026-07-11 16:20:44,488 - INFO - Test: mrrs={'MRR@5': 0.009043417117546429, 'MRR@10': 0.011031773353051473, 'MRR@20': 0.01248606804797282}
2026-07-11 16:20:44,535 - INFO - Best model saved to ./model/ckpt/Beauty_kmeans_L4_lam1/Jul-11-2026_15-59-27/best_model.pth
2026-07-11 16:20:44,535 - INFO - Epoch 17/200
2026-07-11 16:21:17,648 - INFO - Train: total=3.1446
2026-07-11 16:21:41,136 - INFO - Val: CE=2.9983  recalls={'Recall@5': 0.027347741972319303, 'Recall@10': 0.04525499561473791, 'Recall@20': 0.06770710521997172}
2026-07-11 16:21:41,136 - INFO - Val: ndcgs={'NDCG@5': 0.01682669214720442, 'NDCG@10': 0.022572025120090454, 'NDCG@20': 0.028222375710258988}
2026-07-11 16:21:41,137 - INFO - Val: mrrs={'MRR@5': 0.0133993504399058, 'MRR@10': 0.015743776829613476, 'MRR@20': 0.017280720175311865}
2026-07-11 16:22:05,029 - INFO - Best NDCG@20: 0.028222375710258988
2026-07-11 16:22:05,030 - INFO - Test: CE=3.1943  recalls={'Recall@5': 0.01978984920012209, 'Recall@10': 0.033795335801725994, 'Recall@20': 0.053500684030162164}
2026-07-11 16:22:05,030 - INFO - Test: ndcgs={'NDCG@5': 0.012478440018698508, 'NDCG@10': 0.016987978659626177, 'NDCG@20': 0.021944970570009027}
2026-07-11 16:22:05,030 - INFO - Test: mrrs={'MRR@5': 0.010088260751217604, 'MRR@10': 0.011938440899740378, 'MRR@20': 0.013285688723911143}
2026-07-11 16:22:05,079 - INFO - Best model saved to ./model/ckpt/Beauty_kmeans_L4_lam1/Jul-11-2026_15-59-27/best_model.pth
2026-07-11 16:22:05,079 - INFO - Epoch 18/200
2026-07-11 16:22:36,916 - INFO - Train: total=3.0995
2026-07-11 16:23:00,566 - INFO - Val: CE=2.9517  recalls={'Recall@5': 0.027670514530026606, 'Recall@10': 0.04566963825998388, 'Recall@20': 0.06829074908911287}
2026-07-11 16:23:00,566 - INFO - Val: ndcgs={'NDCG@5': 0.01681934621648727, 'NDCG@10': 0.022556993587725983, 'NDCG@20': 0.02826159597422464}
2026-07-11 16:23:00,566 - INFO - Val: mrrs={'MRR@5': 0.013296131948968436, 'MRR@10': 0.01561608525940373, 'MRR@20': 0.01717355455543702}
2026-07-11 16:23:24,485 - INFO - Best NDCG@20: 0.02826159597422464
2026-07-11 16:23:24,486 - INFO - Test: CE=3.1429  recalls={'Recall@5': 0.019464620005323396, 'Recall@10': 0.0331669853232769, 'Recall@20': 0.052780463711994144}
2026-07-11 16:23:24,486 - INFO - Test: ndcgs={'NDCG@5': 0.012117864628014646, 'NDCG@10': 0.01646866402568799, 'NDCG@20': 0.021428195467866284}
2026-07-11 16:23:24,486 - INFO - Test: mrrs={'MRR@5': 0.009724154762619938, 'MRR@10': 0.011474147588394327, 'MRR@20': 0.012835935467420458}
2026-07-11 16:23:24,533 - INFO - Best model saved to ./model/ckpt/Beauty_kmeans_L4_lam1/Jul-11-2026_15-59-27/best_model.pth
2026-07-11 16:23:24,533 - INFO - Epoch 19/200
2026-07-11 16:23:56,933 - INFO - Train: total=3.0550
2026-07-11 16:24:20,916 - INFO - Val: CE=2.9151  recalls={'Recall@5': 0.027814460502609675, 'Recall@10': 0.0445072632482827, 'Recall@20': 0.06680314494656647}
2026-07-11 16:24:20,917 - INFO - Val: ndcgs={'NDCG@5': 0.01707122806867369, 'NDCG@10': 0.022464912081968696, 'NDCG@20': 0.028064720080805693}
2026-07-11 16:24:20,917 - INFO - Val: mrrs={'MRR@5': 0.013569235946591384, 'MRR@10': 0.015793008659366725, 'MRR@20': 0.017309803996822706}
2026-07-11 16:24:20,917 - INFO - No improvement in NDCG@20. Early stop counter: 1
2026-07-11 16:24:20,917 - INFO - Epoch 20/200
2026-07-11 16:24:53,509 - INFO - Train: total=3.0159
2026-07-11 16:25:16,737 - INFO - Val: CE=2.8784  recalls={'Recall@5': 0.02787930984449745, 'Recall@10': 0.045801301742604106, 'Recall@20': 0.07145755724829538}
2026-07-11 16:25:16,738 - INFO - Val: ndcgs={'NDCG@5': 0.01736451257739712, 'NDCG@10': 0.02308258082409881, 'NDCG@20': 0.029524490132312342}
2026-07-11 16:25:16,738 - INFO - Val: mrrs={'MRR@5': 0.013950168503880053, 'MRR@10': 0.016264821525139517, 'MRR@20': 0.01800965677767936}
2026-07-11 16:25:40,754 - INFO - Best NDCG@20: 0.029524490132312342
2026-07-11 16:25:40,755 - INFO - Test: CE=3.0708  recalls={'Recall@5': 0.019730403959399383, 'Recall@10': 0.033651389985029534, 'Recall@20': 0.053175455027223914}
2026-07-11 16:25:40,755 - INFO - Test: ndcgs={'NDCG@5': 0.01232437291202563, 'NDCG@10': 0.016807519185232885, 'NDCG@20': 0.02171745390307494}
2026-07-11 16:25:40,755 - INFO - Test: mrrs={'MRR@5': 0.009911472686314596, 'MRR@10': 0.011750275626390885, 'MRR@20': 0.013083929108064062}
2026-07-11 16:25:40,802 - INFO - Best model saved to ./model/ckpt/Beauty_kmeans_L4_lam1/Jul-11-2026_15-59-27/best_model.pth
2026-07-11 16:25:40,802 - INFO - Epoch 21/200
2026-07-11 16:26:13,512 - INFO - Train: total=2.9794
2026-07-11 16:26:37,538 - INFO - Val: CE=2.8397  recalls={'Recall@5': 0.028244332766136387, 'Recall@10': 0.04781310440964453, 'Recall@20': 0.07248335514745231}
2026-07-11 16:26:37,538 - INFO - Val: ndcgs={'NDCG@5': 0.017630013661227257, 'NDCG@10': 0.023941583747579816, 'NDCG@20': 0.03012655572086381}
2026-07-11 16:26:37,538 - INFO - Val: mrrs={'MRR@5': 0.014188808972583565, 'MRR@10': 0.01678384800967181, 'MRR@20': 0.01845380680534645}
2026-07-11 16:27:01,335 - INFO - Best NDCG@20: 0.03012655572086381
2026-07-11 16:27:01,336 - INFO - Test: CE=3.0334  recalls={'Recall@5': 0.02040100482576267, 'Recall@10': 0.035002417438723496, 'Recall@20': 0.055060506534518855}
2026-07-11 16:27:01,336 - INFO - Test: ndcgs={'NDCG@5': 0.012739426064676738, 'NDCG@10': 0.017396326164830906, 'NDCG@20': 0.022402881561726522}
2026-07-11 16:27:01,336 - INFO - Test: mrrs={'MRR@5': 0.010253184376076632, 'MRR@10': 0.012137476013086, 'MRR@20': 0.013477510635245415}
2026-07-11 16:27:01,370 - INFO - Best model saved to ./model/ckpt/Beauty_kmeans_L4_lam1/Jul-11-2026_15-59-27/best_model.pth
2026-07-11 16:27:01,370 - INFO - Epoch 22/200
2026-07-11 16:27:34,449 - INFO - Train: total=2.9412
2026-07-11 16:27:57,743 - INFO - Val: CE=2.8044  recalls={'Recall@5': 0.028708594891166738, 'Recall@10': 0.04884627188032277, 'Recall@20': 0.07423674350788281}
2026-07-11 16:27:57,744 - INFO - Val: ndcgs={'NDCG@5': 0.017813303238060726, 'NDCG@10': 0.024263535567275507, 'NDCG@20': 0.030596107906010403}
2026-07-11 16:27:57,744 - INFO - Val: mrrs={'MRR@5': 0.014260798286998349, 'MRR@10': 0.016885214251398144, 'MRR@20': 0.018578087329182997}
2026-07-11 16:28:21,115 - INFO - Best NDCG@20: 0.030596107906010403
2026-07-11 16:28:21,116 - INFO - Test: CE=2.9966  recalls={'Recall@5': 0.02051006958224359, 'Recall@10': 0.03509183067332777, 'Recall@20': 0.05631720774323388}
2026-07-11 16:28:21,116 - INFO - Test: ndcgs={'NDCG@5': 0.012677976104147061, 'NDCG@10': 0.017353235489125225, 'NDCG@20': 0.022696503989654292}
2026-07-11 16:28:21,116 - INFO - Test: mrrs={'MRR@5': 0.010141261977187553, 'MRR@10': 0.012046468463154757, 'MRR@20': 0.013501175311034298}
2026-07-11 16:28:21,163 - INFO - Best model saved to ./model/ckpt/Beauty_kmeans_L4_lam1/Jul-11-2026_15-59-27/best_model.pth
2026-07-11 16:28:21,163 - INFO - Epoch 23/200
2026-07-11 16:28:54,687 - INFO - Train: total=2.9099
2026-07-11 16:29:17,752 - INFO - Val: CE=2.7793  recalls={'Recall@5': 0.031179746900697122, 'Recall@10': 0.05034861443044674, 'Recall@20': 0.07599258761805014}
2026-07-11 16:29:17,753 - INFO - Val: ndcgs={'NDCG@5': 0.019724079081988515, 'NDCG@10': 0.02592359712974932, 'NDCG@20': 0.032391385888768755}
2026-07-11 16:29:17,753 - INFO - Val: mrrs={'MRR@5': 0.015993920816388382, 'MRR@10': 0.018553074315398165, 'MRR@20': 0.020320020004499367}
2026-07-11 16:29:40,974 - INFO - Best NDCG@20: 0.032391385888768755
2026-07-11 16:29:40,974 - INFO - Test: CE=2.9687  recalls={'Recall@5': 0.02229833857919781, 'Recall@10': 0.03734681843640083, 'Recall@20': 0.05740736403338643}
2026-07-11 16:29:40,974 - INFO - Test: ndcgs={'NDCG@5': 0.01366933097247466, 'NDCG@10': 0.018477730197200448, 'NDCG@20': 0.02354438383284109}
2026-07-11 16:29:40,975 - INFO - Test: mrrs={'MRR@5': 0.010852426410424863, 'MRR@10': 0.012802867281806251, 'MRR@20': 0.01419018841595409}
2026-07-11 16:29:41,020 - INFO - Best model saved to ./model/ckpt/Beauty_kmeans_L4_lam1/Jul-11-2026_15-59-27/best_model.pth
2026-07-11 16:29:41,020 - INFO - Epoch 24/200
2026-07-11 16:30:14,722 - INFO - Train: total=2.8793
2026-07-11 16:30:38,216 - INFO - Val: CE=2.7479  recalls={'Recall@5': 0.03148041174311367, 'Recall@10': 0.05072886722618034, 'Recall@20': 0.0770208423021909}
2026-07-11 16:30:38,217 - INFO - Val: ndcgs={'NDCG@5': 0.019512160569269514, 'NDCG@10': 0.0257063540390217, 'NDCG@20': 0.032305719560739694}
2026-07-11 16:30:38,217 - INFO - Val: mrrs={'MRR@5': 0.01562461532180721, 'MRR@10': 0.018163584946163096, 'MRR@20': 0.019949607985531873}
2026-07-11 16:30:38,217 - INFO - No improvement in NDCG@20. Early stop counter: 1
2026-07-11 16:30:38,217 - INFO - Epoch 25/200
2026-07-11 16:31:11,814 - INFO - Train: total=2.8507
2026-07-11 16:31:34,987 - INFO - Val: CE=2.7262  recalls={'Recall@5': 0.031207258613228542, 'Recall@10': 0.050962226501318264, 'Recall@20': 0.0774580838174715}
2026-07-11 16:31:34,987 - INFO - Val: ndcgs={'NDCG@5': 0.020017877806681548, 'NDCG@10': 0.026391219876330873, 'NDCG@20': 0.03303845082369709}
2026-07-11 16:31:34,987 - INFO - Val: mrrs={'MRR@5': 0.01636477374639602, 'MRR@10': 0.0189867073404223, 'MRR@20': 0.020783780588590553}
2026-07-11 16:31:57,935 - INFO - Best NDCG@20: 0.03303845082369709
2026-07-11 16:31:57,935 - INFO - Test: CE=2.9147  recalls={'Recall@5': 0.02309077748301331, 'Recall@10': 0.037006850850012936, 'Recall@20': 0.05957342924494216}
2026-07-11 16:31:57,935 - INFO - Test: ndcgs={'NDCG@5': 0.014511794085682334, 'NDCG@10': 0.018962887834253934, 'NDCG@20': 0.024639320738669566}
2026-07-11 16:31:57,935 - INFO - Test: mrrs={'MRR@5': 0.011713595741104671, 'MRR@10': 0.013521963612040576, 'MRR@20': 0.015064522087655945}
2026-07-11 16:31:57,971 - INFO - Best model saved to ./model/ckpt/Beauty_kmeans_L4_lam1/Jul-11-2026_15-59-27/best_model.pth
2026-07-11 16:31:57,971 - INFO - Epoch 26/200
2026-07-11 16:32:31,263 - INFO - Train: total=2.8260
2026-07-11 16:32:54,550 - INFO - Val: CE=2.7020  recalls={'Recall@5': 0.032588254140745926, 'Recall@10': 0.050378582636174216, 'Recall@20': 0.07693388524900946}
2026-07-11 16:32:54,550 - INFO - Val: ndcgs={'NDCG@5': 0.02027025113337925, 'NDCG@10': 0.025982865319255533, 'NDCG@20': 0.03263110136853075}
2026-07-11 16:32:54,550 - INFO - Val: mrrs={'MRR@5': 0.016255471500660024, 'MRR@10': 0.018589425635675984, 'MRR@20': 0.020378383539033484}
2026-07-11 16:32:54,551 - INFO - No improvement in NDCG@20. Early stop counter: 1
2026-07-11 16:32:54,551 - INFO - Epoch 27/200
2026-07-11 16:33:27,794 - INFO - Train: total=2.8029
2026-07-11 16:33:51,028 - INFO - Val: CE=2.6860  recalls={'Recall@5': 0.033536921055435875, 'Recall@10': 0.05279028928506912, 'Recall@20': 0.0786302843862593}
2026-07-11 16:33:51,028 - INFO - Val: ndcgs={'NDCG@5': 0.02104214234117722, 'NDCG@10': 0.02720338311605955, 'NDCG@20': 0.03372332653882134}
2026-07-11 16:33:51,028 - INFO - Val: mrrs={'MRR@5': 0.016952921012856163, 'MRR@10': 0.019458488253936524, 'MRR@20': 0.02124135572360349}
2026-07-11 16:34:14,050 - INFO - Best NDCG@20: 0.03372332653882134
2026-07-11 16:34:14,051 - INFO - Test: CE=2.8691  recalls={'Recall@5': 0.02296648305229235, 'Recall@10': 0.03868065079346363, 'Recall@20': 0.060668498237693255}
2026-07-11 16:34:14,051 - INFO - Test: ndcgs={'NDCG@5': 0.0148238792711701, 'NDCG@10': 0.019820994147910963, 'NDCG@20': 0.025359778922818633}
2026-07-11 16:34:14,051 - INFO - Test: mrrs={'MRR@5': 0.012161588188372712, 'MRR@10': 0.014175018120772914, 'MRR@20': 0.015684243464490693}
2026-07-11 16:34:14,097 - INFO - Best model saved to ./model/ckpt/Beauty_kmeans_L4_lam1/Jul-11-2026_15-59-27/best_model.pth
2026-07-11 16:34:14,097 - INFO - Epoch 28/200
2026-07-11 16:34:47,279 - INFO - Train: total=2.7801
2026-07-11 16:35:10,661 - INFO - Val: CE=2.6636  recalls={'Recall@5': 0.03407585822733303, 'Recall@10': 0.05310814898429127, 'Recall@20': 0.08014785659863202}
2026-07-11 16:35:10,662 - INFO - Val: ndcgs={'NDCG@5': 0.0216264200232955, 'NDCG@10': 0.027795554243643716, 'NDCG@20': 0.03459106589259796}
2026-07-11 16:35:10,662 - INFO - Val: mrrs={'MRR@5': 0.017549239891449332, 'MRR@10': 0.020103492908971184, 'MRR@20': 0.02194638272808353}
2026-07-11 16:35:34,144 - INFO - Best NDCG@20: 0.03459106589259796
2026-07-11 16:35:34,144 - INFO - Test: CE=2.8465  recalls={'Recall@5': 0.024618175436338898, 'Recall@10': 0.039572328612879876, 'Recall@20': 0.06008239809519615}
2026-07-11 16:35:34,144 - INFO - Test: ndcgs={'NDCG@5': 0.015535286377891578, 'NDCG@10': 0.02032745048971327, 'NDCG@20': 0.02547290219621565}
2026-07-11 16:35:34,145 - INFO - Test: mrrs={'MRR@5': 0.01257369260987179, 'MRR@10': 0.01452570904821733, 'MRR@20': 0.01591691791125905}
2026-07-11 16:35:34,192 - INFO - Best model saved to ./model/ckpt/Beauty_kmeans_L4_lam1/Jul-11-2026_15-59-27/best_model.pth
2026-07-11 16:35:34,193 - INFO - Epoch 29/200
2026-07-11 16:36:06,937 - INFO - Train: total=2.7587
2026-07-11 16:36:29,954 - INFO - Val: CE=2.6440  recalls={'Recall@5': 0.03474891554292435, 'Recall@10': 0.055035451039384106, 'Recall@20': 0.0822515289774844}
2026-07-11 16:36:29,955 - INFO - Val: ndcgs={'NDCG@5': 0.02190538886894548, 'NDCG@10': 0.02841890538850791, 'NDCG@20': 0.0352396974979616}
2026-07-11 16:36:29,955 - INFO - Val: mrrs={'MRR@5': 0.01772517644672339, 'MRR@10': 0.020385811909785407, 'MRR@20': 0.022226773726787864}
2026-07-11 16:36:52,830 - INFO - Best NDCG@20: 0.0352396974979616
2026-07-11 16:36:52,830 - INFO - Test: CE=2.8299  recalls={'Recall@5': 0.02350050728975959, 'Recall@10': 0.039703992595136677, 'Recall@20': 0.061324360580563286}
2026-07-11 16:36:52,830 - INFO - Test: ndcgs={'NDCG@5': 0.01457129045921206, 'NDCG@10': 0.01979035851165908, 'NDCG@20': 0.025198708313353392}
2026-07-11 16:36:52,831 - INFO - Test: mrrs={'MRR@5': 0.011662617017007373, 'MRR@10': 0.013804169188857143, 'MRR@20': 0.015258551096591634}
2026-07-11 16:36:52,876 - INFO - Best model saved to ./model/ckpt/Beauty_kmeans_L4_lam1/Jul-11-2026_15-59-27/best_model.pth
2026-07-11 16:36:52,876 - INFO - Epoch 30/200
2026-07-11 16:37:25,944 - INFO - Train: total=2.7418
2026-07-11 16:37:49,446 - INFO - Val: CE=2.6267  recalls={'Recall@5': 0.03536989676562246, 'Recall@10': 0.05566134512056736, 'Recall@20': 0.08265880215913057}
2026-07-11 16:37:49,447 - INFO - Val: ndcgs={'NDCG@5': 0.02210708621033975, 'NDCG@10': 0.028639715049983413, 'NDCG@20': 0.035435594561361895}
2026-07-11 16:37:49,447 - INFO - Val: mrrs={'MRR@5': 0.017780028168679626, 'MRR@10': 0.020459918986282476, 'MRR@20': 0.022309679307928907}
2026-07-11 16:38:13,287 - INFO - Best NDCG@20: 0.035435594561361895
2026-07-11 16:38:13,288 - INFO - Test: CE=2.8099  recalls={'Recall@5': 0.02502299233263782, 'Recall@10': 0.04082902996948733, 'Recall@20': 0.0628915522727204}
2026-07-11 16:38:13,288 - INFO - Test: ndcgs={'NDCG@5': 0.01598153216764331, 'NDCG@10': 0.020989818258666686, 'NDCG@20': 0.026577326310238934}
2026-07-11 16:38:13,288 - INFO - Test: mrrs={'MRR@5': 0.013024133338309153, 'MRR@10': 0.015031961068638916, 'MRR@20': 0.016571022646827423}
2026-07-11 16:38:13,335 - INFO - Best model saved to ./model/ckpt/Beauty_kmeans_L4_lam1/Jul-11-2026_15-59-27/best_model.pth
2026-07-11 16:38:13,335 - INFO - Epoch 31/200
2026-07-11 16:38:46,124 - INFO - Train: total=2.7203
2026-07-11 16:39:09,222 - INFO - Val: CE=2.6121  recalls={'Recall@5': 0.03555118007577412, 'Recall@10': 0.056689599872658696, 'Recall@20': 0.08386097069382029}
2026-07-11 16:39:09,222 - INFO - Val: ndcgs={'NDCG@5': 0.02259985920313602, 'NDCG@10': 0.029377809156116114, 'NDCG@20': 0.03621966247107082}
2026-07-11 16:39:09,222 - INFO - Val: mrrs={'MRR@5': 0.018366079216886936, 'MRR@10': 0.021129661004354802, 'MRR@20': 0.022992263112892698}
2026-07-11 16:39:32,110 - INFO - Best NDCG@20: 0.03621966247107082
2026-07-11 16:39:32,110 - INFO - Test: CE=2.7943  recalls={'Recall@5': 0.025027905067213103, 'Recall@10': 0.041591500659581164, 'Recall@20': 0.0644164938527627}
2026-07-11 16:39:32,110 - INFO - Test: ndcgs={'NDCG@5': 0.015683579248628007, 'NDCG@10': 0.02100794707213093, 'NDCG@20': 0.026755383711851845}
2026-07-11 16:39:32,111 - INFO - Test: mrrs={'MRR@5': 0.012633440778250985, 'MRR@10': 0.014812285097040108, 'MRR@20': 0.016377740536362748}
2026-07-11 16:39:32,156 - INFO - Best model saved to ./model/ckpt/Beauty_kmeans_L4_lam1/Jul-11-2026_15-59-27/best_model.pth
2026-07-11 16:39:32,157 - INFO - Epoch 32/200
2026-07-11 16:40:05,578 - INFO - Train: total=2.7024
2026-07-11 16:40:29,031 - INFO - Val: CE=2.5944  recalls={'Recall@5': 0.036226693884561505, 'Recall@10': 0.05650831643060297, 'Recall@20': 0.0856890339292426}
2026-07-11 16:40:29,031 - INFO - Val: ndcgs={'NDCG@5': 0.022817469561720354, 'NDCG@10': 0.029308530575967526, 'NDCG@20': 0.03662473777341037}
2026-07-11 16:40:29,031 - INFO - Val: mrrs={'MRR@5': 0.018444913725244767, 'MRR@10': 0.021083652572466517, 'MRR@20': 0.023058970312162228}
2026-07-11 16:40:52,875 - INFO - Best NDCG@20: 0.03662473777341037
2026-07-11 16:40:52,875 - INFO - Test: CE=2.7769  recalls={'Recall@5': 0.02602127871911797, 'Recall@10': 0.042080818347696836, 'Recall@20': 0.06548945520217071}
2026-07-11 16:40:52,875 - INFO - Test: ndcgs={'NDCG@5': 0.016385699486431902, 'NDCG@10': 0.021541537949815392, 'NDCG@20': 0.027400606793507358}
2026-07-11 16:40:52,876 - INFO - Test: mrrs={'MRR@5': 0.013248837698858568, 'MRR@10': 0.015354197161060323, 'MRR@20': 0.016930842683940343}
2026-07-11 16:40:52,921 - INFO - Best model saved to ./model/ckpt/Beauty_kmeans_L4_lam1/Jul-11-2026_15-59-27/best_model.pth
2026-07-11 16:40:52,921 - INFO - Epoch 33/200
2026-07-11 16:41:25,273 - INFO - Train: total=2.6867
2026-07-11 16:41:48,813 - INFO - Val: CE=2.5825  recalls={'Recall@5': 0.03597073553553722, 'Recall@10': 0.056108412444751406, 'Recall@20': 0.08600689397221471}
2026-07-11 16:41:48,814 - INFO - Val: ndcgs={'NDCG@5': 0.022866134080124514, 'NDCG@10': 0.02937757501142827, 'NDCG@20': 0.03688816744994068}
2026-07-11 16:41:48,814 - INFO - Val: mrrs={'MRR@5': 0.018606046339608887, 'MRR@10': 0.02129261001600792, 'MRR@20': 0.023328114824335576}
2026-07-11 16:42:12,198 - INFO - Best NDCG@20: 0.03688816744994068
2026-07-11 16:42:12,199 - INFO - Test: CE=2.7679  recalls={'Recall@5': 0.02480191510778256, 'Recall@10': 0.04226210165385141, 'Recall@20': 0.06464248368428628}
2026-07-11 16:42:12,199 - INFO - Test: ndcgs={'NDCG@5': 0.015571442318784448, 'NDCG@10': 0.02115954533159381, 'NDCG@20': 0.026768611532200302}
2026-07-11 16:42:12,199 - INFO - Test: mrrs={'MRR@5': 0.01255331256390897, 'MRR@10': 0.014826132485227331, 'MRR@20': 0.016339661268709234}
2026-07-11 16:42:12,249 - INFO - Best model saved to ./model/ckpt/Beauty_kmeans_L4_lam1/Jul-11-2026_15-59-27/best_model.pth
2026-07-11 16:42:12,249 - INFO - Epoch 34/200
2026-07-11 16:42:45,428 - INFO - Train: total=2.6710
2026-07-11 16:43:08,740 - INFO - Val: CE=2.5751  recalls={'Recall@5': 0.0367110985662996, 'Recall@10': 0.056913133598704195, 'Recall@20': 0.0854728695588754}
2026-07-11 16:43:08,740 - INFO - Val: ndcgs={'NDCG@5': 0.023077436047306388, 'NDCG@10': 0.029571261692616306, 'NDCG@20': 0.03673614320832868}
2026-07-11 16:43:08,740 - INFO - Val: mrrs={'MRR@5': 0.018638249862411502, 'MRR@10': 0.02129484402553414, 'MRR@20': 0.023232024704114146}
2026-07-11 16:43:08,740 - INFO - No improvement in NDCG@20. Early stop counter: 1
2026-07-11 16:43:08,741 - INFO - Epoch 35/200
2026-07-11 16:43:41,823 - INFO - Train: total=2.6568
2026-07-11 16:44:04,849 - INFO - Val: CE=2.5581  recalls={'Recall@5': 0.03820361525955502, 'Recall@10': 0.057986094728272104, 'Recall@20': 0.08734809554905466}
2026-07-11 16:44:04,850 - INFO - Val: ndcgs={'NDCG@5': 0.02412598789169937, 'NDCG@10': 0.030484157509486243, 'NDCG@20': 0.03789720294973113}
2026-07-11 16:44:04,850 - INFO - Val: mrrs={'MRR@5': 0.01951928336129328, 'MRR@10': 0.022120512552287572, 'MRR@20': 0.024149546420197662}
2026-07-11 16:44:28,454 - INFO - Best NDCG@20: 0.03789720294973113
2026-07-11 16:44:28,454 - INFO - Test: CE=2.7392  recalls={'Recall@5': 0.025696049496339628, 'Recall@10': 0.0438666307475306, 'Recall@20': 0.0675435079493492}
2026-07-11 16:44:28,455 - INFO - Test: ndcgs={'NDCG@5': 0.01634245374052118, 'NDCG@10': 0.02214414478867223, 'NDCG@20': 0.028063308368656833}
2026-07-11 16:44:28,455 - INFO - Test: mrrs={'MRR@5': 0.013288386029195312, 'MRR@10': 0.01564005839382598, 'MRR@20': 0.01723002191321213}
2026-07-11 16:44:28,503 - INFO - Best model saved to ./model/ckpt/Beauty_kmeans_L4_lam1/Jul-11-2026_15-59-27/best_model.pth
2026-07-11 16:44:28,504 - INFO - Epoch 36/200
2026-07-11 16:45:01,590 - INFO - Train: total=2.6395
2026-07-11 16:45:25,750 - INFO - Val: CE=2.5491  recalls={'Recall@5': 0.03697688248040466, 'Recall@10': 0.058562369417607014, 'Recall@20': 0.0877479993870138}
2026-07-11 16:45:25,750 - INFO - Val: ndcgs={'NDCG@5': 0.023235004958836562, 'NDCG@10': 0.03022240225301632, 'NDCG@20': 0.03755019460265153}
2026-07-11 16:45:25,750 - INFO - Val: mrrs={'MRR@5': 0.018754086115441482, 'MRR@10': 0.02164186564945644, 'MRR@20': 0.023626428573140516}
2026-07-11 16:45:25,751 - INFO - No improvement in NDCG@20. Early stop counter: 1
2026-07-11 16:45:25,751 - INFO - Epoch 37/200
2026-07-11 16:45:59,068 - INFO - Train: total=2.6255
2026-07-11 16:46:23,260 - INFO - Val: CE=2.5350  recalls={'Recall@5': 0.03639569508847121, 'Recall@10': 0.05816492182502419, 'Recall@20': 0.08836652454420477}
2026-07-11 16:46:23,260 - INFO - Val: ndcgs={'NDCG@5': 0.023452558668626097, 'NDCG@10': 0.030439884053111523, 'NDCG@20': 0.03805455475517992}
2026-07-11 16:46:23,260 - INFO - Val: mrrs={'MRR@5': 0.019221443204257175, 'MRR@10': 0.02207474688381804, 'MRR@20': 0.024154185232268685}
2026-07-11 16:46:47,206 - INFO - Best NDCG@20: 0.03805455475517992
2026-07-11 16:46:47,206 - INFO - Test: CE=2.7151  recalls={'Recall@5': 0.026093497284779988, 'Recall@10': 0.041755588953043515, 'Recall@20': 0.06834331613289824}
2026-07-11 16:46:47,206 - INFO - Test: ndcgs={'NDCG@5': 0.016764779251404585, 'NDCG@10': 0.021785547144415232, 'NDCG@20': 0.02850302406127041}
2026-07-11 16:46:47,206 - INFO - Test: mrrs={'MRR@5': 0.01371802106327797, 'MRR@10': 0.015764511438174564, 'MRR@20': 0.01760554636599768}
2026-07-11 16:46:47,255 - INFO - Best model saved to ./model/ckpt/Beauty_kmeans_L4_lam1/Jul-11-2026_15-59-27/best_model.pth
2026-07-11 16:46:47,255 - INFO - Epoch 38/200
2026-07-11 16:47:17,908 - INFO - Train: total=2.6114
2026-07-11 16:47:43,830 - INFO - Val: CE=2.5294  recalls={'Recall@5': 0.03793046226956814, 'Recall@10': 0.05870140248373982, 'Recall@20': 0.08827711112173714}
2026-07-11 16:47:43,831 - INFO - Val: ndcgs={'NDCG@5': 0.024067667508777632, 'NDCG@10': 0.030741527013064967, 'NDCG@20': 0.038179153583488175}
2026-07-11 16:47:43,831 - INFO - Val: mrrs={'MRR@5': 0.019540572298147072, 'MRR@10': 0.022270055242430403, 'MRR@20': 0.024290076213391187}
2026-07-11 16:48:19,104 - INFO - Best NDCG@20: 0.038179153583488175
2026-07-11 16:48:19,104 - INFO - Test: CE=2.7084  recalls={'Recall@5': 0.02624235583605173, 'Recall@10': 0.04257750477593856, 'Recall@20': 0.06669653681118856}
2026-07-11 16:48:19,104 - INFO - Test: ndcgs={'NDCG@5': 0.016589144578547307, 'NDCG@10': 0.02184164802675723, 'NDCG@20': 0.027915599320259728}
2026-07-11 16:48:19,105 - INFO - Test: mrrs={'MRR@5': 0.013431414781945714, 'MRR@10': 0.015582357002162402, 'MRR@20': 0.017236466908002023}
2026-07-11 16:48:19,153 - INFO - Best model saved to ./model/ckpt/Beauty_kmeans_L4_lam1/Jul-11-2026_15-59-27/best_model.pth
2026-07-11 16:48:19,153 - INFO - Epoch 39/200
2026-07-11 16:48:55,902 - INFO - Train: total=2.5997
2026-07-11 16:49:31,982 - INFO - Val: CE=2.5173  recalls={'Recall@5': 0.037254948584690625, 'Recall@10': 0.05744961419746344, 'Recall@20': 0.08913882087132706}
2026-07-11 16:49:31,982 - INFO - Val: ndcgs={'NDCG@5': 0.023949213755664778, 'NDCG@10': 0.030419025635106945, 'NDCG@20': 0.03840684769735092}
2026-07-11 16:49:31,983 - INFO - Val: mrrs={'MRR@5': 0.01961941503052292, 'MRR@10': 0.022254385317419956, 'MRR@20': 0.024433864137185776}
2026-07-11 16:50:00,776 - INFO - Best NDCG@20: 0.03840684769735092
2026-07-11 16:50:00,776 - INFO - Test: CE=2.6984  recalls={'Recall@5': 0.02560417972057418, 'Recall@10': 0.04269688656002027, 'Recall@20': 0.06691515749488265}
2026-07-11 16:50:00,776 - INFO - Test: ndcgs={'NDCG@5': 0.01641741364818594, 'NDCG@10': 0.021894597991013922, 'NDCG@20': 0.027972109015239603}
2026-07-11 16:50:00,776 - INFO - Test: mrrs={'MRR@5': 0.013417511523897108, 'MRR@10': 0.01564939256633588, 'MRR@20': 0.01729342306323565}
2026-07-11 16:50:00,825 - INFO - Best model saved to ./model/ckpt/Beauty_kmeans_L4_lam1/Jul-11-2026_15-59-27/best_model.pth
2026-07-11 16:50:00,826 - INFO - Epoch 40/200
2026-07-11 16:50:35,283 - INFO - Train: total=2.5905
2026-07-11 16:50:58,735 - INFO - Val: CE=2.5075  recalls={'Recall@5': 0.03798745076527795, 'Recall@10': 0.05937937251392096, 'Recall@20': 0.08993862935465805}
2026-07-11 16:50:58,736 - INFO - Val: ndcgs={'NDCG@5': 0.02471459135932792, 'NDCG@10': 0.03159556645688165, 'NDCG@20': 0.0393093571870272}
2026-07-11 16:50:58,736 - INFO - Val: mrrs={'MRR@5': 0.02037122488909205, 'MRR@10': 0.023189885970484866, 'MRR@20': 0.025299931274798935}
2026-07-11 16:51:21,958 - INFO - Best NDCG@20: 0.0393093571870272
2026-07-11 16:51:21,958 - INFO - Test: CE=2.6851  recalls={'Recall@5': 0.026957663603510724, 'Recall@10': 0.04401057657222124, 'Recall@20': 0.06781666122712675}
2026-07-11 16:51:21,958 - INFO - Test: ndcgs={'NDCG@5': 0.016968137436734247, 'NDCG@10': 0.022414931952513657, 'NDCG@20': 0.028409517389150585}
2026-07-11 16:51:21,958 - INFO - Test: mrrs={'MRR@5': 0.013703765605412456, 'MRR@10': 0.015912621817151845, 'MRR@20': 0.017544734564284063}
2026-07-11 16:51:22,009 - INFO - Best model saved to ./model/ckpt/Beauty_kmeans_L4_lam1/Jul-11-2026_15-59-27/best_model.pth
2026-07-11 16:51:22,009 - INFO - Epoch 41/200
2026-07-11 16:51:44,949 - INFO - Train: total=2.5776
2026-07-11 16:52:08,967 - INFO - Val: CE=2.5019  recalls={'Recall@5': 0.03828565955018153, 'Recall@10': 0.060400258058226415, 'Recall@20': 0.09120024314206174}
2026-07-11 16:52:08,968 - INFO - Val: ndcgs={'NDCG@5': 0.02499711777127544, 'NDCG@10': 0.03209115381256673, 'NDCG@20': 0.039842689214993766}
2026-07-11 16:52:08,968 - INFO - Val: mrrs={'MRR@5': 0.020656521076360485, 'MRR@10': 0.02355092559249616, 'MRR@20': 0.02566025016630516}
2026-07-11 16:52:32,748 - INFO - Best NDCG@20: 0.039842689214993766
2026-07-11 16:52:32,748 - INFO - Test: CE=2.6805  recalls={'Recall@5': 0.027546220095308552, 'Recall@10': 0.04482266684202677, 'Recall@20': 0.06844501170157874}
2026-07-11 16:52:32,748 - INFO - Test: ndcgs={'NDCG@5': 0.018055052456521937, 'NDCG@10': 0.023586399210696888, 'NDCG@20': 0.0295015307744893}
2026-07-11 16:52:32,748 - INFO - Test: mrrs={'MRR@5': 0.014963627191332405, 'MRR@10': 0.017214516716381703, 'MRR@20': 0.01880820699399857}
2026-07-11 16:52:32,796 - INFO - Best model saved to ./model/ckpt/Beauty_kmeans_L4_lam1/Jul-11-2026_15-59-27/best_model.pth
2026-07-11 16:52:32,796 - INFO - Epoch 42/200
2026-07-11 16:53:06,625 - INFO - Train: total=2.5646
2026-07-11 16:53:29,920 - INFO - Val: CE=2.4881  recalls={'Recall@5': 0.038822140232879714, 'Recall@10': 0.05991339701119922, 'Recall@20': 0.09084013298697483}
2026-07-11 16:53:29,921 - INFO - Val: ndcgs={'NDCG@5': 0.02462398152310769, 'NDCG@10': 0.03137554088407576, 'NDCG@20': 0.03919115140854257}
2026-07-11 16:53:29,921 - INFO - Val: mrrs={'MRR@5': 0.01999133249920645, 'MRR@10': 0.022737208840760997, 'MRR@20': 0.024880165703616668}
2026-07-11 16:53:29,921 - INFO - No improvement in NDCG@20. Early stop counter: 1
2026-07-11 16:53:29,921 - INFO - Epoch 43/200
2026-07-11 16:54:03,401 - INFO - Train: total=2.5561
2026-07-11 16:54:27,292 - INFO - Val: CE=2.4817  recalls={'Recall@5': 0.03831808413718647, 'Recall@10': 0.06053437793411538, 'Recall@20': 0.09065148015326696}
2026-07-11 16:54:27,292 - INFO - Val: ndcgs={'NDCG@5': 0.024693057894338993, 'NDCG@10': 0.03181478339986868, 'NDCG@20': 0.03938595426384791}
2026-07-11 16:54:27,292 - INFO - Val: mrrs={'MRR@5': 0.02023680180774866, 'MRR@10': 0.02313961995697616, 'MRR@20': 0.025195472665648717}
2026-07-11 16:54:27,293 - INFO - No improvement in NDCG@20. Early stop counter: 2
2026-07-11 16:54:27,293 - INFO - Epoch 44/200
2026-07-11 16:55:00,673 - INFO - Train: total=2.5436
2026-07-11 16:55:24,041 - INFO - Val: CE=2.4738  recalls={'Recall@5': 0.03909529329881136, 'Recall@10': 0.06138134946798818, 'Recall@20': 0.09257878226032201}
2026-07-11 16:55:24,042 - INFO - Val: ndcgs={'NDCG@5': 0.02509522112685979, 'NDCG@10': 0.03220761481316784, 'NDCG@20': 0.0400392881388748}
2026-07-11 16:55:24,042 - INFO - Val: mrrs={'MRR@5': 0.020512788043889046, 'MRR@10': 0.02339250761605879, 'MRR@20': 0.025512657897714765}
2026-07-11 16:55:47,121 - INFO - Best NDCG@20: 0.0400392881388748
2026-07-11 16:55:47,122 - INFO - Test: CE=2.6507  recalls={'Recall@5': 0.0279859180598172, 'Recall@10': 0.04365292274644958, 'Recall@20': 0.0693366899486839}
2026-07-11 16:55:47,122 - INFO - Test: ndcgs={'NDCG@5': 0.017777543532953882, 'NDCG@10': 0.02282062585889302, 'NDCG@20': 0.029274215515055435}
2026-07-11 16:55:47,122 - INFO - Test: mrrs={'MRR@5': 0.014450932911880985, 'MRR@10': 0.01651854160023941, 'MRR@20': 0.018269178049105255}
2026-07-11 16:55:47,170 - INFO - Best model saved to ./model/ckpt/Beauty_kmeans_L4_lam1/Jul-11-2026_15-59-27/best_model.pth
2026-07-11 16:55:47,171 - INFO - Epoch 45/200
2026-07-11 16:56:15,485 - INFO - Train: total=2.5343
2026-07-11 16:56:38,853 - INFO - Val: CE=2.4672  recalls={'Recall@5': 0.039045673858997904, 'Recall@10': 0.06080261847332056, 'Recall@20': 0.09270798958150486}
2026-07-11 16:56:38,854 - INFO - Val: ndcgs={'NDCG@5': 0.025031640312270672, 'NDCG@10': 0.032025134809467094, 'NDCG@20': 0.040055640197714765}
2026-07-11 16:56:38,854 - INFO - Val: mrrs={'MRR@5': 0.020458894420031442, 'MRR@10': 0.023321158199195346, 'MRR@20': 0.025505735467701688}
2026-07-11 16:57:03,136 - INFO - Best NDCG@20: 0.040055640197714765
2026-07-11 16:57:03,136 - INFO - Test: CE=2.6445  recalls={'Recall@5': 0.028025712030480092, 'Recall@10': 0.04494696136068377, 'Recall@20': 0.06933423359538608}
2026-07-11 16:57:03,136 - INFO - Test: ndcgs={'NDCG@5': 0.017516394947203827, 'NDCG@10': 0.022936476068771066, 'NDCG@20': 0.029052069982265966}
2026-07-11 16:57:03,137 - INFO - Test: mrrs={'MRR@5': 0.014110465727890383, 'MRR@10': 0.016316663007683606, 'MRR@20': 0.017969063108451186}
2026-07-11 16:57:03,183 - INFO - Best model saved to ./model/ckpt/Beauty_kmeans_L4_lam1/Jul-11-2026_15-59-27/best_model.pth
2026-07-11 16:57:03,183 - INFO - Epoch 46/200
2026-07-11 16:57:36,408 - INFO - Train: total=2.5255
2026-07-11 16:57:59,832 - INFO - Val: CE=2.4594  recalls={'Recall@5': 0.039132630884199694, 'Recall@10': 0.063440315081646, 'Recall@20': 0.09235770526729811}
2026-07-11 16:57:59,832 - INFO - Val: ndcgs={'NDCG@5': 0.025534530014375247, 'NDCG@10': 0.033359445406667604, 'NDCG@20': 0.040614742370993856}
2026-07-11 16:57:59,832 - INFO - Val: mrrs={'MRR@5': 0.021101230025978943, 'MRR@10': 0.024309404596562452, 'MRR@20': 0.02627036858713774}
2026-07-11 16:58:22,994 - INFO - Best NDCG@20: 0.040614742370993856
2026-07-11 16:58:22,994 - INFO - Test: CE=2.6361  recalls={'Recall@5': 0.027352654830804454, 'Recall@10': 0.045706975705473975, 'Recall@20': 0.07036494454888571}
2026-07-11 16:58:22,994 - INFO - Test: ndcgs={'NDCG@5': 0.01777695227902015, 'NDCG@10': 0.02367104664384967, 'NDCG@20': 0.029861162371669654}
2026-07-11 16:58:22,995 - INFO - Test: mrrs={'MRR@5': 0.014647331389562574, 'MRR@10': 0.017055386449550097, 'MRR@20': 0.01873177455892075}
2026-07-11 16:58:23,042 - INFO - Best model saved to ./model/ckpt/Beauty_kmeans_L4_lam1/Jul-11-2026_15-59-27/best_model.pth
2026-07-11 16:58:23,042 - INFO - Epoch 47/200
2026-07-11 16:58:56,162 - INFO - Train: total=2.5171
2026-07-11 16:59:19,345 - INFO - Val: CE=2.4546  recalls={'Recall@5': 0.03895380396331968, 'Recall@10': 0.06237472303995119, 'Recall@20': 0.09450608391170849}
2026-07-11 16:59:19,346 - INFO - Val: ndcgs={'NDCG@5': 0.024990550046506868, 'NDCG@10': 0.032546037109568715, 'NDCG@20': 0.04062847336534363}
2026-07-11 16:59:19,346 - INFO - Val: mrrs={'MRR@5': 0.020423792110748046, 'MRR@10': 0.02353148811342906, 'MRR@20': 0.025728071995565163}
2026-07-11 16:59:43,170 - INFO - Best NDCG@20: 0.04062847336534363
2026-07-11 16:59:43,170 - INFO - Test: CE=2.6285  recalls={'Recall@5': 0.027717677844376523, 'Recall@10': 0.04624836910675907, 'Recall@20': 0.07210605016753653}
2026-07-11 16:59:43,171 - INFO - Test: ndcgs={'NDCG@5': 0.017513794736544974, 'NDCG@10': 0.023483315508716737, 'NDCG@20': 0.0300095579107272}
2026-07-11 16:59:43,171 - INFO - Test: mrrs={'MRR@5': 0.01418315112299002, 'MRR@10': 0.01663326335093606, 'MRR@20': 0.018418236219927733}
2026-07-11 16:59:43,218 - INFO - Best model saved to ./model/ckpt/Beauty_kmeans_L4_lam1/Jul-11-2026_15-59-27/best_model.pth
2026-07-11 16:59:43,218 - INFO - Epoch 48/200
2026-07-11 17:00:16,784 - INFO - Train: total=2.5063
2026-07-11 17:00:40,481 - INFO - Val: CE=2.4517  recalls={'Recall@5': 0.04100785680642839, 'Recall@10': 0.06272500764994278, 'Recall@20': 0.09292906679836593}
2026-07-11 17:00:40,481 - INFO - Val: ndcgs={'NDCG@5': 0.02630764333123557, 'NDCG@10': 0.03324930074468831, 'NDCG@20': 0.04086543783113808}
2026-07-11 17:00:40,481 - INFO - Val: mrrs={'MRR@5': 0.021514619924447823, 'MRR@10': 0.024331575481904583, 'MRR@20': 0.026411881591663036}
2026-07-11 17:01:03,926 - INFO - Best NDCG@20: 0.04086543783113808
2026-07-11 17:01:03,927 - INFO - Test: CE=2.6271  recalls={'Recall@5': 0.028249245556670965, 'Recall@10': 0.04556794277923941, 'Recall@20': 0.07179064670969361}
2026-07-11 17:01:03,927 - INFO - Test: ndcgs={'NDCG@5': 0.01782466563927769, 'NDCG@10': 0.023376993773017447, 'NDCG@20': 0.02998251927309058}
2026-07-11 17:01:03,927 - INFO - Test: mrrs={'MRR@5': 0.014429905889515841, 'MRR@10': 0.01669322704604543, 'MRR@20': 0.018493144659029695}
2026-07-11 17:01:03,975 - INFO - Best model saved to ./model/ckpt/Beauty_kmeans_L4_lam1/Jul-11-2026_15-59-27/best_model.pth
2026-07-11 17:01:03,976 - INFO - Epoch 49/200
2026-07-11 17:01:37,625 - INFO - Train: total=2.4957
2026-07-11 17:02:01,559 - INFO - Val: CE=2.4462  recalls={'Recall@5': 0.04106484560991434, 'Recall@10': 0.06322169443392575, 'Recall@20': 0.0941906806537202}
2026-07-11 17:02:01,560 - INFO - Val: ndcgs={'NDCG@5': 0.026327837956070004, 'NDCG@10': 0.03343512353191528, 'NDCG@20': 0.04126660862353994}
2026-07-11 17:02:01,560 - INFO - Val: mrrs={'MRR@5': 0.02153171633685991, 'MRR@10': 0.024430355480312502, 'MRR@20': 0.026579564663355714}
2026-07-11 17:02:25,633 - INFO - Best NDCG@20: 0.04126660862353994
2026-07-11 17:02:25,634 - INFO - Test: CE=2.6237  recalls={'Recall@5': 0.028341115492320112, 'Recall@10': 0.04538911577042336, 'Recall@20': 0.07260273715537122}
2026-07-11 17:02:25,634 - INFO - Test: ndcgs={'NDCG@5': 0.017805537100993255, 'NDCG@10': 0.023234092626448863, 'NDCG@20': 0.030105204384398242}
2026-07-11 17:02:25,634 - INFO - Test: mrrs={'MRR@5': 0.014373670583950603, 'MRR@10': 0.0165659609443584, 'MRR@20': 0.018446898510801515}
2026-07-11 17:02:25,681 - INFO - Best model saved to ./model/ckpt/Beauty_kmeans_L4_lam1/Jul-11-2026_15-59-27/best_model.pth
2026-07-11 17:02:25,681 - INFO - Epoch 50/200
2026-07-11 17:02:59,610 - INFO - Train: total=2.4874
2026-07-11 17:03:22,986 - INFO - Val: CE=2.4361  recalls={'Recall@5': 0.04038687549579425, 'Recall@10': 0.06366876161421445, 'Recall@20': 0.094868650927724}
2026-07-11 17:03:22,987 - INFO - Val: ndcgs={'NDCG@5': 0.025965140662815564, 'NDCG@10': 0.0334273002254317, 'NDCG@20': 0.04126880807070613}
2026-07-11 17:03:22,987 - INFO - Val: mrrs={'MRR@5': 0.0212653268042696, 'MRR@10': 0.024306990708876, 'MRR@20': 0.02643556188359305}
2026-07-11 17:03:46,877 - INFO - Best NDCG@20: 0.04126880807070613
2026-07-11 17:03:46,877 - INFO - Test: CE=2.6118  recalls={'Recall@5': 0.02753148163576878, 'Recall@10': 0.04444536157831742, 'Recall@20': 0.07304243505592638}
2026-07-11 17:03:46,878 - INFO - Test: ndcgs={'NDCG@5': 0.017860712187740425, 'NDCG@10': 0.02330001013837115, 'NDCG@20': 0.030499025843557882}
2026-07-11 17:03:46,878 - INFO - Test: mrrs={'MRR@5': 0.014696451433626495, 'MRR@10': 0.016922880466247993, 'MRR@20': 0.018882175349398584}
2026-07-11 17:03:46,926 - INFO - Best model saved to ./model/ckpt/Beauty_kmeans_L4_lam1/Jul-11-2026_15-59-27/best_model.pth
2026-07-11 17:03:46,927 - INFO - Epoch 51/200
2026-07-11 17:04:20,487 - INFO - Train: total=2.4797
2026-07-11 17:04:44,486 - INFO - Val: CE=2.4260  recalls={'Recall@5': 0.041462293314415755, 'Recall@10': 0.06532291017568674, 'Recall@20': 0.09472961751384412}
2026-07-11 17:04:44,486 - INFO - Val: ndcgs={'NDCG@5': 0.02679009600282675, 'NDCG@10': 0.03443191425231298, 'NDCG@20': 0.041856268298904147}
2026-07-11 17:04:44,486 - INFO - Val: mrrs={'MRR@5': 0.022000154638223253, 'MRR@10': 0.025110269350583303, 'MRR@20': 0.027142588034434076}
2026-07-11 17:05:08,195 - INFO - Best NDCG@20: 0.041856268298904147
2026-07-11 17:05:08,196 - INFO - Test: CE=2.6000  recalls={'Recall@5': 0.02909867332792589, 'Recall@10': 0.046688067255133976, 'Recall@20': 0.07375774251161216}
2026-07-11 17:05:08,196 - INFO - Test: ndcgs={'NDCG@5': 0.018343672598012655, 'NDCG@10': 0.024019901942493704, 'NDCG@20': 0.030801902773945948}
2026-07-11 17:05:08,196 - INFO - Test: mrrs={'MRR@5': 0.014838161958229644, 'MRR@10': 0.01717343640337846, 'MRR@20': 0.019001865520166}
2026-07-11 17:05:08,244 - INFO - Best model saved to ./model/ckpt/Beauty_kmeans_L4_lam1/Jul-11-2026_15-59-27/best_model.pth
2026-07-11 17:05:08,245 - INFO - Epoch 52/200
2026-07-11 17:05:41,769 - INFO - Train: total=2.4717
2026-07-11 17:06:05,197 - INFO - Val: CE=2.4208  recalls={'Recall@5': 0.041233847029667044, 'Recall@10': 0.06590655429664471, 'Recall@20': 0.09670653930453528}
2026-07-11 17:06:05,197 - INFO - Val: ndcgs={'NDCG@5': 0.02698581677745596, 'NDCG@10': 0.03490157208961031, 'NDCG@20': 0.04267090589683423}
2026-07-11 17:06:05,197 - INFO - Val: mrrs={'MRR@5': 0.022330755042112054, 'MRR@10': 0.02556094346975692, 'MRR@20': 0.027684441886296648}
2026-07-11 17:06:28,689 - INFO - Best NDCG@20: 0.04267090589683423
2026-07-11 17:06:28,690 - INFO - Test: CE=2.5964  recalls={'Recall@5': 0.029332032631043458, 'Recall@10': 0.04665318618692426, 'Recall@20': 0.07381227507771597}
2026-07-11 17:06:28,690 - INFO - Test: ndcgs={'NDCG@5': 0.018439818623319844, 'NDCG@10': 0.023998948556566892, 'NDCG@20': 0.030813432664334645}
2026-07-11 17:06:28,690 - INFO - Test: mrrs={'MRR@5': 0.01487802131533175, 'MRR@10': 0.01714663912817964, 'MRR@20': 0.01899061089130758}
2026-07-11 17:06:28,736 - INFO - Best model saved to ./model/ckpt/Beauty_kmeans_L4_lam1/Jul-11-2026_15-59-27/best_model.pth
2026-07-11 17:06:28,736 - INFO - Epoch 53/200
2026-07-11 17:07:02,065 - INFO - Train: total=2.4647
2026-07-11 17:07:26,021 - INFO - Val: CE=2.4201  recalls={'Recall@5': 0.04070719185609035, 'Recall@10': 0.06407603515160186, 'Recall@20': 0.09622213442294254}
2026-07-11 17:07:26,022 - INFO - Val: ndcgs={'NDCG@5': 0.026484703421272945, 'NDCG@10': 0.03398836486725049, 'NDCG@20': 0.04207827486577464}
2026-07-11 17:07:26,022 - INFO - Val: mrrs={'MRR@5': 0.021839660742268157, 'MRR@10': 0.024904946045142644, 'MRR@20': 0.027107261502495747}
2026-07-11 17:07:26,022 - INFO - No improvement in NDCG@20. Early stop counter: 1
2026-07-11 17:07:26,022 - INFO - Epoch 54/200
2026-07-11 17:07:59,029 - INFO - Train: total=2.4556
2026-07-11 17:08:22,364 - INFO - Val: CE=2.4127  recalls={'Recall@5': 0.04109727041675937, 'Recall@10': 0.06563340103885262, 'Recall@20': 0.09709661766135258}
2026-07-11 17:08:22,364 - INFO - Val: ndcgs={'NDCG@5': 0.027279662547928837, 'NDCG@10': 0.035164446104317904, 'NDCG@20': 0.04305034278004626}
2026-07-11 17:08:22,365 - INFO - Val: mrrs={'MRR@5': 0.02276355051635385, 'MRR@10': 0.02598822959688744, 'MRR@20': 0.02811688879857543}
2026-07-11 17:08:46,241 - INFO - Best NDCG@20: 0.04305034278004626
2026-07-11 17:08:46,241 - INFO - Test: CE=2.5868  recalls={'Recall@5': 0.02869140001437567, 'Recall@10': 0.04685706839109311, 'Recall@20': 0.07380490590990102}
2026-07-11 17:08:46,241 - INFO - Test: ndcgs={'NDCG@5': 0.018471991855155502, 'NDCG@10': 0.024329635572455856, 'NDCG@20': 0.031085360465499336}
2026-07-11 17:08:46,241 - INFO - Test: mrrs={'MRR@5': 0.015137492208401852, 'MRR@10': 0.017545879019580206, 'MRR@20': 0.01936945050696007}
2026-07-11 17:08:46,292 - INFO - Best model saved to ./model/ckpt/Beauty_kmeans_L4_lam1/Jul-11-2026_15-59-27/best_model.pth
2026-07-11 17:08:46,293 - INFO - Epoch 55/200
2026-07-11 17:09:18,252 - INFO - Train: total=2.4474
2026-07-11 17:09:42,927 - INFO - Val: CE=2.4067  recalls={'Recall@5': 0.04388628197362239, 'Recall@10': 0.06635607799411204, 'Recall@20': 0.09867854753725007}
2026-07-11 17:09:42,927 - INFO - Val: ndcgs={'NDCG@5': 0.028444622437441683, 'NDCG@10': 0.035679711402661685, 'NDCG@20': 0.04383574023367157}
2026-07-11 17:09:42,927 - INFO - Val: mrrs={'MRR@5': 0.023391385428815314, 'MRR@10': 0.026358493093637022, 'MRR@20': 0.028589221369824874}
2026-07-11 17:10:07,204 - INFO - Best NDCG@20: 0.04383574023367157
2026-07-11 17:10:07,205 - INFO - Test: CE=2.5766  recalls={'Recall@5': 0.030442331625796182, 'Recall@10': 0.05030685545309035, 'Recall@20': 0.07716773558695812}
2026-07-11 17:10:07,205 - INFO - Test: ndcgs={'NDCG@5': 0.019913281805717383, 'NDCG@10': 0.026271572698291407, 'NDCG@20': 0.033033599718293984}
2026-07-11 17:10:07,205 - INFO - Test: mrrs={'MRR@5': 0.01647566428084262, 'MRR@10': 0.01906150489118222, 'MRR@20': 0.020901980956260897}
2026-07-11 17:10:07,253 - INFO - Best model saved to ./model/ckpt/Beauty_kmeans_L4_lam1/Jul-11-2026_15-59-27/best_model.pth
2026-07-11 17:10:07,254 - INFO - Epoch 56/200
2026-07-11 17:10:41,197 - INFO - Train: total=2.4400
2026-07-11 17:11:05,165 - INFO - Val: CE=2.4049  recalls={'Recall@5': 0.0430741917317965, 'Recall@10': 0.06702176570620531, 'Recall@20': 0.09804282803887845}
2026-07-11 17:11:05,166 - INFO - Val: ndcgs={'NDCG@5': 0.02775948725904582, 'NDCG@10': 0.03547775812642929, 'NDCG@20': 0.04327159704512601}
2026-07-11 17:11:05,166 - INFO - Val: mrrs={'MRR@5': 0.022759300983379006, 'MRR@10': 0.02592939442641186, 'MRR@20': 0.028043536514057797}
2026-07-11 17:11:05,166 - INFO - No improvement in NDCG@20. Early stop counter: 1
2026-07-11 17:11:05,166 - INFO - Epoch 57/200
2026-07-11 17:11:38,846 - INFO - Train: total=2.4375
2026-07-11 17:12:03,060 - INFO - Val: CE=2.3962  recalls={'Recall@5': 0.04486000446338894, 'Recall@10': 0.0673347128826981, 'Recall@20': 0.10022854482427303}
2026-07-11 17:12:03,061 - INFO - Val: ndcgs={'NDCG@5': 0.02886814434808787, 'NDCG@10': 0.03606902636975338, 'NDCG@20': 0.044341529947365815}
2026-07-11 17:12:03,061 - INFO - Val: mrrs={'MRR@5': 0.023652870591745867, 'MRR@10': 0.026585366220669142, 'MRR@20': 0.02883356281050557}
2026-07-11 17:12:26,905 - INFO - Best NDCG@20: 0.044341529947365815
2026-07-11 17:12:26,906 - INFO - Test: CE=2.5649  recalls={'Recall@5': 0.031162551872016536, 'Recall@10': 0.04955666670535767, 'Recall@20': 0.07752047698193354}
2026-07-11 17:12:26,906 - INFO - Test: ndcgs={'NDCG@5': 0.019945810810770726, 'NDCG@10': 0.025864327598219265, 'NDCG@20': 0.03287861331330029}
2026-07-11 17:12:26,906 - INFO - Test: mrrs={'MRR@5': 0.016271266256870757, 'MRR@10': 0.01869658592143076, 'MRR@20': 0.020592437097762786}
2026-07-11 17:12:26,953 - INFO - Best model saved to ./model/ckpt/Beauty_kmeans_L4_lam1/Jul-11-2026_15-59-27/best_model.pth
2026-07-11 17:12:26,953 - INFO - Epoch 58/200
2026-07-11 17:13:00,815 - INFO - Train: total=2.4281
2026-07-11 17:13:24,872 - INFO - Val: CE=2.3963  recalls={'Recall@5': 0.04254016752230891, 'Recall@10': 0.06622441385197153, 'Recall@20': 0.09903374541343025}
2026-07-11 17:13:24,872 - INFO - Val: ndcgs={'NDCG@5': 0.027701206813074745, 'NDCG@10': 0.035337201008860966, 'NDCG@20': 0.043579941499546616}
2026-07-11 17:13:24,872 - INFO - Val: mrrs={'MRR@5': 0.022848436029332134, 'MRR@10': 0.02598609013408982, 'MRR@20': 0.028220774355802142}
2026-07-11 17:13:24,873 - INFO - No improvement in NDCG@20. Early stop counter: 1
2026-07-11 17:13:24,873 - INFO - Epoch 59/200
2026-07-11 17:13:59,017 - INFO - Train: total=2.4204
2026-07-11 17:14:23,216 - INFO - Val: CE=2.3945  recalls={'Recall@5': 0.04293761537470275, 'Recall@10': 0.0672875496123162, 'Recall@20': 0.0985321457389854}
2026-07-11 17:14:23,216 - INFO - Val: ndcgs={'NDCG@5': 0.028249170944942042, 'NDCG@10': 0.03608118962144775, 'NDCG@20': 0.04396480414216994}
2026-07-11 17:14:23,217 - INFO - Val: mrrs={'MRR@5': 0.023446785460941717, 'MRR@10': 0.026655320450363784, 'MRR@20': 0.028810972054069264}
2026-07-11 17:14:23,217 - INFO - No improvement in NDCG@20. Early stop counter: 2
2026-07-11 17:14:23,217 - INFO - Epoch 60/200
2026-07-11 17:14:57,396 - INFO - Train: total=2.4154
2026-07-11 17:15:21,107 - INFO - Val: CE=2.3862  recalls={'Recall@5': 0.04307664816503617, 'Recall@10': 0.06854670721829705, 'Recall@20': 0.1003700340078752}
2026-07-11 17:15:21,107 - INFO - Val: ndcgs={'NDCG@5': 0.028598538332103147, 'NDCG@10': 0.036775282544159835, 'NDCG@20': 0.044746175788087136}
2026-07-11 17:15:21,107 - INFO - Val: mrrs={'MRR@5': 0.023848073529039584, 'MRR@10': 0.027188619984465735, 'MRR@20': 0.029336963976081862}
2026-07-11 17:15:44,585 - INFO - Best NDCG@20: 0.044746175788087136
2026-07-11 17:15:44,585 - INFO - Test: CE=2.5568  recalls={'Recall@5': 0.030039971006850318, 'Recall@10': 0.048968109777876745, 'Recall@20': 0.07622398156273007}
2026-07-11 17:15:44,585 - INFO - Test: ndcgs={'NDCG@5': 0.019079402796604347, 'NDCG@10': 0.025134537979568727, 'NDCG@20': 0.031953819507788944}
2026-07-11 17:15:44,585 - INFO - Test: mrrs={'MRR@5': 0.015490839201877046, 'MRR@10': 0.017951670052311804, 'MRR@20': 0.019785487043817204}
2026-07-11 17:15:44,633 - INFO - Best model saved to ./model/ckpt/Beauty_kmeans_L4_lam1/Jul-11-2026_15-59-27/best_model.pth
2026-07-11 17:15:44,633 - INFO - Epoch 61/200
2026-07-11 17:16:18,143 - INFO - Train: total=2.4075
2026-07-11 17:16:42,731 - INFO - Val: CE=2.3829  recalls={'Recall@5': 0.04342693275104521, 'Recall@10': 0.06725266897978957, 'Recall@20': 0.09964981379762868}
2026-07-11 17:16:42,732 - INFO - Val: ndcgs={'NDCG@5': 0.028597333816243856, 'NDCG@10': 0.036269047951061964, 'NDCG@20': 0.04442189356448057}
2026-07-11 17:16:42,732 - INFO - Val: mrrs={'MRR@5': 0.023747991179935476, 'MRR@10': 0.02689485124995844, 'MRR@20': 0.029112447443160393}
2026-07-11 17:16:42,732 - INFO - No improvement in NDCG@20. Early stop counter: 1
2026-07-11 17:16:42,732 - INFO - Epoch 62/200
2026-07-11 17:17:16,447 - INFO - Train: total=2.4037
2026-07-11 17:17:39,658 - INFO - Val: CE=2.3837  recalls={'Recall@5': 0.043794412245822055, 'Recall@10': 0.06810946568303097, 'Recall@20': 0.10006199965789082}
2026-07-11 17:17:39,659 - INFO - Val: ndcgs={'NDCG@5': 0.028840749428603527, 'NDCG@10': 0.036649748246293405, 'NDCG@20': 0.044692332492621674}
2026-07-11 17:17:39,659 - INFO - Val: mrrs={'MRR@5': 0.023954509875373394, 'MRR@10': 0.027146299046368335, 'MRR@20': 0.029334222257852777}
2026-07-11 17:17:39,659 - INFO - No improvement in NDCG@20. Early stop counter: 2
2026-07-11 17:17:39,659 - INFO - Epoch 63/200
2026-07-11 17:18:14,344 - INFO - Train: total=2.3968
2026-07-11 17:18:38,126 - INFO - Val: CE=2.3754  recalls={'Recall@5': 0.04522011441462413, 'Recall@10': 0.06836296758682431, 'Recall@20': 0.10319638326204514}
2026-07-11 17:18:38,126 - INFO - Val: ndcgs={'NDCG@5': 0.02953060376837594, 'NDCG@10': 0.03692384830440191, 'NDCG@20': 0.04571950867124573}
2026-07-11 17:18:38,127 - INFO - Val: mrrs={'MRR@5': 0.024406072212974722, 'MRR@10': 0.027403967048325317, 'MRR@20': 0.029812930333937716}
2026-07-11 17:19:02,275 - INFO - Best NDCG@20: 0.04571950867124573
2026-07-11 17:19:02,276 - INFO - Test: CE=2.5482  recalls={'Recall@5': 0.029953013933683412, 'Recall@10': 0.0489779356827104, 'Recall@20': 0.07650204760705964}
2026-07-11 17:19:02,276 - INFO - Test: ndcgs={'NDCG@5': 0.01893393936978709, 'NDCG@10': 0.025029186542093945, 'NDCG@20': 0.03197028414773967}
2026-07-11 17:19:02,276 - INFO - Test: mrrs={'MRR@5': 0.015330615555347931, 'MRR@10': 0.017812805107390996, 'MRR@20': 0.019707308032164198}
2026-07-11 17:19:02,323 - INFO - Best model saved to ./model/ckpt/Beauty_kmeans_L4_lam1/Jul-11-2026_15-59-27/best_model.pth
2026-07-11 17:19:02,323 - INFO - Epoch 64/200
2026-07-11 17:19:36,207 - INFO - Train: total=2.3906
2026-07-11 17:20:00,171 - INFO - Val: CE=2.3755  recalls={'Recall@5': 0.044147153073210314, 'Recall@10': 0.06715834232710717, 'Recall@20': 0.10020103286791897}
2026-07-11 17:20:00,171 - INFO - Val: ndcgs={'NDCG@5': 0.028867641397923742, 'NDCG@10': 0.036259329508062724, 'NDCG@20': 0.044591578381144054}
2026-07-11 17:20:00,171 - INFO - Val: mrrs={'MRR@5': 0.023870123980982556, 'MRR@10': 0.02689164417222254, 'MRR@20': 0.02916727464170447}
2026-07-11 17:20:00,171 - INFO - No improvement in NDCG@20. Early stop counter: 1
2026-07-11 17:20:00,172 - INFO - Epoch 65/200
2026-07-11 17:20:34,298 - INFO - Train: total=2.3834
2026-07-11 17:20:58,255 - INFO - Val: CE=2.3741  recalls={'Recall@5': 0.04317343086324025, 'Recall@10': 0.06721778757182698, 'Recall@20': 0.10163164813103466}
2026-07-11 17:20:58,256 - INFO - Val: ndcgs={'NDCG@5': 0.028723239215178806, 'NDCG@10': 0.03650726192498924, 'NDCG@20': 0.04518354343562167}
2026-07-11 17:20:58,256 - INFO - Val: mrrs={'MRR@5': 0.023980793427244275, 'MRR@10': 0.027198497406826574, 'MRR@20': 0.029566868220839666}
2026-07-11 17:20:58,256 - INFO - No improvement in NDCG@20. Early stop counter: 2
2026-07-11 17:20:58,256 - INFO - Epoch 66/200
2026-07-11 17:21:32,623 - INFO - Train: total=2.3776
2026-07-11 17:21:56,676 - INFO - Val: CE=2.3662  recalls={'Recall@5': 0.04428127349270388, 'Recall@10': 0.06983583309395887, 'Recall@20': 0.10239166237190046}
2026-07-11 17:21:56,677 - INFO - Val: ndcgs={'NDCG@5': 0.02944124034154249, 'NDCG@10': 0.03762268265029775, 'NDCG@20': 0.0457931252879934}
2026-07-11 17:21:56,677 - INFO - Val: mrrs={'MRR@5': 0.02459904829303978, 'MRR@10': 0.027927982931169222, 'MRR@20': 0.030138281254945203}
2026-07-11 17:22:20,556 - INFO - Best NDCG@20: 0.0457931252879934
2026-07-11 17:22:20,557 - INFO - Test: CE=2.5399  recalls={'Recall@5': 0.031165008269282368, 'Recall@10': 0.048714608313763605, 'Recall@20': 0.07788549979165388}
2026-07-11 17:22:20,557 - INFO - Test: ndcgs={'NDCG@5': 0.01971254523947451, 'NDCG@10': 0.025329955899488388, 'NDCG@20': 0.032690671492415946}
2026-07-11 17:22:20,557 - INFO - Test: mrrs={'MRR@5': 0.015983710397242733, 'MRR@10': 0.01826819138903203, 'MRR@20': 0.020279616405018266}
2026-07-11 17:22:20,604 - INFO - Best model saved to ./model/ckpt/Beauty_kmeans_L4_lam1/Jul-11-2026_15-59-27/best_model.pth
2026-07-11 17:22:20,604 - INFO - Epoch 67/200
2026-07-11 17:22:54,564 - INFO - Train: total=2.3721
2026-07-11 17:23:18,281 - INFO - Val: CE=2.3628  recalls={'Recall@5': 0.04419677265292202, 'Recall@10': 0.07001957270544613, 'Recall@20': 0.10377511414079707}
2026-07-11 17:23:18,281 - INFO - Val: ndcgs={'NDCG@5': 0.029226622374352595, 'NDCG@10': 0.03750862402325824, 'NDCG@20': 0.04600744462739916}
2026-07-11 17:23:18,282 - INFO - Val: mrrs={'MRR@5': 0.024337988678573796, 'MRR@10': 0.027716795325303217, 'MRR@20': 0.030031108312146906}
2026-07-11 17:23:42,484 - INFO - Best NDCG@20: 0.04600744462739916
2026-07-11 17:23:42,485 - INFO - Test: CE=2.5339  recalls={'Recall@5': 0.03097881227651763, 'Recall@10': 0.050761291761223085, 'Recall@20': 0.07886904775456809}
2026-07-11 17:23:42,485 - INFO - Test: ndcgs={'NDCG@5': 0.01988688682289914, 'NDCG@10': 0.02625344025246927, 'NDCG@20': 0.03331885932916735}
2026-07-11 17:23:42,485 - INFO - Test: mrrs={'MRR@5': 0.016269563050748774, 'MRR@10': 0.018879939681078935, 'MRR@20': 0.02079886242236678}
2026-07-11 17:23:42,532 - INFO - Best model saved to ./model/ckpt/Beauty_kmeans_L4_lam1/Jul-11-2026_15-59-27/best_model.pth
2026-07-11 17:23:42,532 - INFO - Epoch 68/200
2026-07-11 17:24:16,080 - INFO - Train: total=2.3680
2026-07-11 17:24:40,431 - INFO - Val: CE=2.3606  recalls={'Recall@5': 0.04522011454652819, 'Recall@10': 0.06859387036476908, 'Recall@20': 0.10238920571082652}
2026-07-11 17:24:40,431 - INFO - Val: ndcgs={'NDCG@5': 0.02971467163109984, 'NDCG@10': 0.03719434017603298, 'NDCG@20': 0.04572723389107558}
2026-07-11 17:24:40,431 - INFO - Val: mrrs={'MRR@5': 0.024667230106954156, 'MRR@10': 0.02770775432604497, 'MRR@20': 0.03004402894518726}
2026-07-11 17:24:40,431 - INFO - No improvement in NDCG@20. Early stop counter: 1
2026-07-11 17:24:40,432 - INFO - Epoch 69/200
2026-07-11 17:25:12,211 - INFO - Train: total=2.3627
2026-07-11 17:25:36,837 - INFO - Val: CE=2.3586  recalls={'Recall@5': 0.04459422027348449, 'Recall@10': 0.06903848114779194, 'Recall@20': 0.10273703437522373}
2026-07-11 17:25:36,837 - INFO - Val: ndcgs={'NDCG@5': 0.02946817334901238, 'NDCG@10': 0.03732690352910546, 'NDCG@20': 0.04580463990848911}
2026-07-11 17:25:36,838 - INFO - Val: mrrs={'MRR@5': 0.024523562681761295, 'MRR@10': 0.027739932228483324, 'MRR@20': 0.030045486857231244}
2026-07-11 17:25:36,838 - INFO - No improvement in NDCG@20. Early stop counter: 2
2026-07-11 17:25:36,838 - INFO - Epoch 70/200
2026-07-11 17:26:10,358 - INFO - Train: total=2.3563
2026-07-11 17:26:34,978 - INFO - Val: CE=2.3540  recalls={'Recall@5': 0.04459422038140599, 'Recall@10': 0.06917014519400223, 'Recall@20': 0.10341009115920174}
2026-07-11 17:26:34,979 - INFO - Val: ndcgs={'NDCG@5': 0.02935067840448137, 'NDCG@10': 0.037210657922830834, 'NDCG@20': 0.045856368092444325}
2026-07-11 17:26:34,979 - INFO - Val: mrrs={'MRR@5': 0.024362888728776077, 'MRR@10': 0.027555746176727756, 'MRR@20': 0.02992328380778144}
2026-07-11 17:26:34,979 - INFO - No improvement in NDCG@20. Early stop counter: 3
2026-07-11 17:26:34,979 - INFO - Epoch 71/200
2026-07-11 17:27:08,073 - INFO - Train: total=2.3513
2026-07-11 17:27:32,064 - INFO - Val: CE=2.3558  recalls={'Recall@5': 0.04616386837090162, 'Recall@10': 0.07123648018732091, 'Recall@20': 0.10430668214487927}
2026-07-11 17:27:32,064 - INFO - Val: ndcgs={'NDCG@5': 0.030354202667035386, 'NDCG@10': 0.038391673808533686, 'NDCG@20': 0.04673276702241868}
2026-07-11 17:27:32,064 - INFO - Val: mrrs={'MRR@5': 0.025178327851692942, 'MRR@10': 0.028454723828392255, 'MRR@20': 0.030734256976893644}
2026-07-11 17:27:56,443 - INFO - Best NDCG@20: 0.04673276702241868
2026-07-11 17:27:56,443 - INFO - Test: CE=2.5274  recalls={'Recall@5': 0.03228267644384132, 'Recall@10': 0.05179445933582573, 'Recall@20': 0.07945514794503031}
2026-07-11 17:27:56,443 - INFO - Test: ndcgs={'NDCG@5': 0.02083467612594622, 'NDCG@10': 0.027116395718949676, 'NDCG@20': 0.0340580709364521}
2026-07-11 17:27:56,443 - INFO - Test: mrrs={'MRR@5': 0.017102926025215074, 'MRR@10': 0.01967906679402509, 'MRR@20': 0.021556952470601756}
2026-07-11 17:27:56,479 - INFO - Best model saved to ./model/ckpt/Beauty_kmeans_L4_lam1/Jul-11-2026_15-59-27/best_model.pth
2026-07-11 17:27:56,480 - INFO - Epoch 72/200
2026-07-11 17:28:28,872 - INFO - Train: total=2.3469
2026-07-11 17:28:52,741 - INFO - Val: CE=2.3460  recalls={'Recall@5': 0.046441934611088725, 'Recall@10': 0.07060076046910921, 'Recall@20': 0.10480828171539971}
2026-07-11 17:28:52,741 - INFO - Val: ndcgs={'NDCG@5': 0.03095256137489761, 'NDCG@10': 0.03870976566588866, 'NDCG@20': 0.047355641060320926}
2026-07-11 17:28:52,742 - INFO - Val: mrrs={'MRR@5': 0.025909356242285585, 'MRR@10': 0.029078716694980924, 'MRR@20': 0.03145126609582366}
2026-07-11 17:29:17,822 - INFO - Best NDCG@20: 0.047355641060320926
2026-07-11 17:29:17,823 - INFO - Test: CE=2.5156  recalls={'Recall@5': 0.030986181420350024, 'Recall@10': 0.05107669534297588, 'Recall@20': 0.07881942814687674}
2026-07-11 17:29:17,823 - INFO - Test: ndcgs={'NDCG@5': 0.02010529220120206, 'NDCG@10': 0.026559859170486488, 'NDCG@20': 0.03353069302558004}
2026-07-11 17:29:17,823 - INFO - Test: mrrs={'MRR@5': 0.016549094726007768, 'MRR@10': 0.019189345009341163, 'MRR@20': 0.02107975426126999}
2026-07-11 17:29:17,869 - INFO - Best model saved to ./model/ckpt/Beauty_kmeans_L4_lam1/Jul-11-2026_15-59-27/best_model.pth
2026-07-11 17:29:17,869 - INFO - Epoch 73/200
2026-07-11 17:29:49,799 - INFO - Train: total=2.3440
2026-07-11 17:30:14,171 - INFO - Val: CE=2.3467  recalls={'Recall@5': 0.044728340509111786, 'Recall@10': 0.07056342242005813, 'Recall@20': 0.10444325910153691}
2026-07-11 17:30:14,171 - INFO - Val: ndcgs={'NDCG@5': 0.029260457255537803, 'NDCG@10': 0.037572865705145723, 'NDCG@20': 0.04615398163931213}
2026-07-11 17:30:14,171 - INFO - Val: mrrs={'MRR@5': 0.024209068004889294, 'MRR@10': 0.027615075191490895, 'MRR@20': 0.029977910385253267}
2026-07-11 17:30:14,171 - INFO - No improvement in NDCG@20. Early stop counter: 1
2026-07-11 17:30:14,172 - INFO - Epoch 74/200
2026-07-11 17:30:47,465 - INFO - Train: total=2.3393
2026-07-11 17:31:12,141 - INFO - Val: CE=2.3445  recalls={'Recall@5': 0.04531689721275552, 'Recall@10': 0.07092107654960882, 'Recall@20': 0.10547642635237506}
2026-07-11 17:31:12,142 - INFO - Val: ndcgs={'NDCG@5': 0.029888593371909574, 'NDCG@10': 0.03815829937242355, 'NDCG@20': 0.04686570833656985}
2026-07-11 17:31:12,142 - INFO - Val: mrrs={'MRR@5': 0.02484745705148501, 'MRR@10': 0.028254252803499927, 'MRR@20': 0.03062888892275549}
2026-07-11 17:31:12,142 - INFO - No improvement in NDCG@20. Early stop counter: 2
2026-07-11 17:31:12,142 - INFO - Epoch 75/200
2026-07-11 17:31:43,557 - INFO - Train: total=2.3341
2026-07-11 17:32:08,028 - INFO - Val: CE=2.3411  recalls={'Recall@5': 0.04638740211293549, 'Recall@10': 0.07047155315192344, 'Recall@20': 0.10528531758106702}
2026-07-11 17:32:08,028 - INFO - Val: ndcgs={'NDCG@5': 0.030623423747014846, 'NDCG@10': 0.03834552243811602, 'NDCG@20': 0.04716914428134205}
2026-07-11 17:32:08,029 - INFO - Val: mrrs={'MRR@5': 0.025480327602124136, 'MRR@10': 0.028628472854331326, 'MRR@20': 0.03106205996032005}
2026-07-11 17:32:08,029 - INFO - No improvement in NDCG@20. Early stop counter: 3
2026-07-11 17:32:08,029 - INFO - Epoch 76/200
2026-07-11 17:32:40,600 - INFO - Train: total=2.3306
2026-07-11 17:33:04,103 - INFO - Val: CE=2.3408  recalls={'Recall@5': 0.04674751231598752, 'Recall@10': 0.07101048984816657, 'Recall@20': 0.10704116168723725}
2026-07-11 17:33:04,103 - INFO - Val: ndcgs={'NDCG@5': 0.030922909035415353, 'NDCG@10': 0.03874641487099102, 'NDCG@20': 0.04782913490438378}
2026-07-11 17:33:04,103 - INFO - Val: mrrs={'MRR@5': 0.025755282026783528, 'MRR@10': 0.02897096771842804, 'MRR@20': 0.0314499307463801}
2026-07-11 17:33:27,984 - INFO - Best NDCG@20: 0.04782913490438378
2026-07-11 17:33:27,985 - INFO - Test: CE=2.5102  recalls={'Recall@5': 0.03201689248976534, 'Recall@10': 0.05215702574028606, 'Recall@20': 0.0793210278213216}
2026-07-11 17:33:27,985 - INFO - Test: ndcgs={'NDCG@5': 0.020388195215216776, 'NDCG@10': 0.026859446330787413, 'NDCG@20': 0.033706706835660495}
2026-07-11 17:33:27,985 - INFO - Test: mrrs={'MRR@5': 0.016589740165329415, 'MRR@10': 0.01923607966898593, 'MRR@20': 0.02110515336272239}
2026-07-11 17:33:28,034 - INFO - Best model saved to ./model/ckpt/Beauty_kmeans_L4_lam1/Jul-11-2026_15-59-27/best_model.pth
2026-07-11 17:33:28,034 - INFO - Epoch 77/200
2026-07-11 17:33:59,290 - INFO - Train: total=2.3232
2026-07-11 17:34:23,222 - INFO - Val: CE=2.3365  recalls={'Recall@5': 0.04701575263135551, 'Recall@10': 0.07378230674807862, 'Recall@20': 0.10789304580779291}
2026-07-11 17:34:23,222 - INFO - Val: ndcgs={'NDCG@5': 0.03092977500324789, 'NDCG@10': 0.039571516039929165, 'NDCG@20': 0.04814797121423892}
2026-07-11 17:34:23,222 - INFO - Val: mrrs={'MRR@5': 0.025682539564193637, 'MRR@10': 0.029241687686146586, 'MRR@20': 0.03157085437020846}
2026-07-11 17:34:47,377 - INFO - Best NDCG@20: 0.04814797121423892
2026-07-11 17:34:47,377 - INFO - Test: CE=2.5070  recalls={'Recall@5': 0.03166169505326533, 'Recall@10': 0.05256429932164148, 'Recall@20': 0.07976318223905537}
2026-07-11 17:34:47,377 - INFO - Test: ndcgs={'NDCG@5': 0.020468617785450213, 'NDCG@10': 0.027174567503958556, 'NDCG@20': 0.03402682426565451}
2026-07-11 17:34:47,377 - INFO - Test: mrrs={'MRR@5': 0.016801941745151074, 'MRR@10': 0.019538743758690042, 'MRR@20': 0.021407144036006118}
2026-07-11 17:34:47,425 - INFO - Best model saved to ./model/ckpt/Beauty_kmeans_L4_lam1/Jul-11-2026_15-59-27/best_model.pth
2026-07-11 17:34:47,426 - INFO - Epoch 78/200
2026-07-11 17:35:19,646 - INFO - Train: total=2.3211
2026-07-11 17:35:44,438 - INFO - Val: CE=2.3304  recalls={'Recall@5': 0.047102709864406116, 'Recall@10': 0.07221511502394477, 'Recall@20': 0.10676800848940156}
2026-07-11 17:35:44,439 - INFO - Val: ndcgs={'NDCG@5': 0.03126874592858706, 'NDCG@10': 0.039372458038731704, 'NDCG@20': 0.04808950828500252}
2026-07-11 17:35:44,439 - INFO - Val: mrrs={'MRR@5': 0.026101554615039362, 'MRR@10': 0.029435430480519015, 'MRR@20': 0.03181840365806538}
2026-07-11 17:35:44,439 - INFO - No improvement in NDCG@20. Early stop counter: 1
2026-07-11 17:35:44,440 - INFO - Epoch 79/200
2026-07-11 17:36:17,256 - INFO - Train: total=2.3148
2026-07-11 17:36:41,388 - INFO - Val: CE=2.3335  recalls={'Recall@5': 0.045763964512957014, 'Recall@10': 0.07266709486286399, 'Recall@20': 0.10624381028067784}
2026-07-11 17:36:41,388 - INFO - Val: ndcgs={'NDCG@5': 0.030705260778397577, 'NDCG@10': 0.03926764249146113, 'NDCG@20': 0.047710970119081535}
2026-07-11 17:36:41,389 - INFO - Val: mrrs={'MRR@5': 0.025774474875289995, 'MRR@10': 0.029228487407265014, 'MRR@20': 0.03152146345816848}
2026-07-11 17:36:41,389 - INFO - No improvement in NDCG@20. Early stop counter: 2
2026-07-11 17:36:41,389 - INFO - Epoch 80/200
2026-07-11 17:37:14,851 - INFO - Train: total=2.3126
2026-07-11 17:37:38,265 - INFO - Val: CE=2.3315  recalls={'Recall@5': 0.04715232949608002, 'Recall@10': 0.07212324518822294, 'Recall@20': 0.1060104506937667}
2026-07-11 17:37:38,265 - INFO - Val: ndcgs={'NDCG@5': 0.030846506037425586, 'NDCG@10': 0.0388298756073233, 'NDCG@20': 0.04736787227557996}
2026-07-11 17:37:38,265 - INFO - Val: mrrs={'MRR@5': 0.025535367478220824, 'MRR@10': 0.028776936830109377, 'MRR@20': 0.03110526802413997}
2026-07-11 17:37:38,266 - INFO - No improvement in NDCG@20. Early stop counter: 3
2026-07-11 17:37:38,266 - INFO - Epoch 81/200
2026-07-11 17:38:11,361 - INFO - Train: total=2.3057
2026-07-11 17:38:35,127 - INFO - Val: CE=2.3289  recalls={'Recall@5': 0.04657605462687594, 'Recall@10': 0.0730173796367364, 'Recall@20': 0.10658672525519465}
2026-07-11 17:38:35,127 - INFO - Val: ndcgs={'NDCG@5': 0.030970953608755136, 'NDCG@10': 0.03953375308594542, 'NDCG@20': 0.04802128634927195}
2026-07-11 17:38:35,127 - INFO - Val: mrrs={'MRR@5': 0.02586965248900038, 'MRR@10': 0.029410841686914917, 'MRR@20': 0.031740779881795286}
2026-07-11 17:38:35,127 - INFO - No improvement in NDCG@20. Early stop counter: 4
2026-07-11 17:38:35,127 - INFO - Epoch 82/200
2026-07-11 17:39:07,590 - INFO - Train: total=2.3047
2026-07-11 17:39:31,732 - INFO - Val: CE=2.3251  recalls={'Recall@5': 0.048540694043519926, 'Recall@10': 0.07409525348489121, 'Recall@20': 0.10794512161689254}
2026-07-11 17:39:31,732 - INFO - Val: ndcgs={'NDCG@5': 0.031833428102085774, 'NDCG@10': 0.04007807412272711, 'NDCG@20': 0.048599206440774284}
2026-07-11 17:39:31,732 - INFO - Val: mrrs={'MRR@5': 0.026393277839409757, 'MRR@10': 0.029783528261166467, 'MRR@20': 0.03210339493162195}
2026-07-11 17:39:55,499 - INFO - Best NDCG@20: 0.048599206440774284
2026-07-11 17:39:55,500 - INFO - Test: CE=2.4923  recalls={'Recall@5': 0.03380516143076026, 'Recall@10': 0.05300399741006, 'Recall@20': 0.08284794612359975}
2026-07-11 17:39:55,500 - INFO - Test: ndcgs={'NDCG@5': 0.021855910834276755, 'NDCG@10': 0.02802992636106045, 'NDCG@20': 0.03553237699675713}
2026-07-11 17:39:55,500 - INFO - Test: mrrs={'MRR@5': 0.01795937912938357, 'MRR@10': 0.020487710924483357, 'MRR@20': 0.02252398303094372}
2026-07-11 17:39:55,546 - INFO - Best model saved to ./model/ckpt/Beauty_kmeans_L4_lam1/Jul-11-2026_15-59-27/best_model.pth
2026-07-11 17:39:55,546 - INFO - Epoch 83/200
2026-07-11 17:40:29,111 - INFO - Train: total=2.3016
2026-07-11 17:40:52,937 - INFO - Val: CE=2.3277  recalls={'Recall@5': 0.04710270975648462, 'Recall@10': 0.07311907554516976, 'Recall@20': 0.10717282525779352}
2026-07-11 17:40:52,938 - INFO - Val: ndcgs={'NDCG@5': 0.030760560152740438, 'NDCG@10': 0.039126254043585815, 'NDCG@20': 0.04766947459109735}
2026-07-11 17:40:52,938 - INFO - Val: mrrs={'MRR@5': 0.025432967731745137, 'MRR@10': 0.0288585812940618, 'MRR@20': 0.03116852677199398}
2026-07-11 17:40:52,938 - INFO - No improvement in NDCG@20. Early stop counter: 1
2026-07-11 17:40:52,938 - INFO - Epoch 84/200
2026-07-11 17:41:23,882 - INFO - Train: total=2.2928
2026-07-11 17:41:47,966 - INFO - Val: CE=2.3202  recalls={'Recall@5': 0.04773597305744503, 'Recall@10': 0.07297758589790486, 'Recall@20': 0.10886922450296485}
2026-07-11 17:41:47,966 - INFO - Val: ndcgs={'NDCG@5': 0.031715454070033434, 'NDCG@10': 0.039802466734020686, 'NDCG@20': 0.048835480602681954}
2026-07-11 17:41:47,966 - INFO - Val: mrrs={'MRR@5': 0.026491469198981772, 'MRR@10': 0.029784961499657498, 'MRR@20': 0.032242382090646664}
2026-07-11 17:42:12,163 - INFO - Best NDCG@20: 0.048835480602681954
2026-07-11 17:42:12,164 - INFO - Test: CE=2.4880  recalls={'Recall@5': 0.03299552747028452, 'Recall@10': 0.052504854236805384, 'Recall@20': 0.08213755128657357}
2026-07-11 17:42:12,164 - INFO - Test: ndcgs={'NDCG@5': 0.02106347395498865, 'NDCG@10': 0.027306805743512103, 'NDCG@20': 0.034741620443233735}
2026-07-11 17:42:12,164 - INFO - Test: mrrs={'MRR@5': 0.01717267997558888, 'MRR@10': 0.019710990036697858, 'MRR@20': 0.02172204709183145}
2026-07-11 17:42:12,208 - INFO - Best model saved to ./model/ckpt/Beauty_kmeans_L4_lam1/Jul-11-2026_15-59-27/best_model.pth
2026-07-11 17:42:12,208 - INFO - Epoch 85/200
2026-07-11 17:42:44,817 - INFO - Train: total=2.2890
2026-07-11 17:43:08,552 - INFO - Val: CE=2.3207  recalls={'Recall@5': 0.04871215181657045, 'Recall@10': 0.07177050427289863, 'Recall@20': 0.10712811901621808}
2026-07-11 17:43:08,552 - INFO - Val: ndcgs={'NDCG@5': 0.031698318594035414, 'NDCG@10': 0.039104690399548524, 'NDCG@20': 0.04801265899963325}
2026-07-11 17:43:08,552 - INFO - Val: mrrs={'MRR@5': 0.026168172275687494, 'MRR@10': 0.02919522692227552, 'MRR@20': 0.03162433418456281}
2026-07-11 17:43:08,552 - INFO - No improvement in NDCG@20. Early stop counter: 1
2026-07-11 17:43:08,553 - INFO - Epoch 86/200
2026-07-11 17:43:39,868 - INFO - Train: total=2.2872
2026-07-11 17:44:03,539 - INFO - Val: CE=2.3199  recalls={'Recall@5': 0.048312247758771215, 'Recall@10': 0.07386926396114377, 'Recall@20': 0.10743369679706163}
2026-07-11 17:44:03,539 - INFO - Val: ndcgs={'NDCG@5': 0.032339136701780714, 'NDCG@10': 0.04052674104839307, 'NDCG@20': 0.04898979684014209}
2026-07-11 17:44:03,539 - INFO - Val: mrrs={'MRR@5': 0.027135573426469394, 'MRR@10': 0.03046977151806822, 'MRR@20': 0.032780496532731}
2026-07-11 17:44:27,273 - INFO - Best NDCG@20: 0.04898979684014209
2026-07-11 17:44:27,273 - INFO - Test: CE=2.4895  recalls={'Recall@5': 0.03223796961469328, 'Recall@10': 0.05326732471505332, 'Recall@20': 0.08205059445722931}
2026-07-11 17:44:27,273 - INFO - Test: ndcgs={'NDCG@5': 0.02068618969000524, 'NDCG@10': 0.02746447412568932, 'NDCG@20': 0.03470850279734594}
2026-07-11 17:44:27,273 - INFO - Test: mrrs={'MRR@5': 0.01692538445739499, 'MRR@10': 0.019709777219376882, 'MRR@20': 0.021680768516290406}
2026-07-11 17:44:27,321 - INFO - Best model saved to ./model/ckpt/Beauty_kmeans_L4_lam1/Jul-11-2026_15-59-27/best_model.pth
2026-07-11 17:44:27,321 - INFO - Epoch 87/200
2026-07-11 17:45:00,524 - INFO - Train: total=2.2836
2026-07-11 17:45:23,862 - INFO - Val: CE=2.3183  recalls={'Recall@5': 0.048808934238975143, 'Recall@10': 0.0753421295242376, 'Recall@20': 0.10968868389661732}
2026-07-11 17:45:23,862 - INFO - Val: ndcgs={'NDCG@5': 0.03247136218761106, 'NDCG@10': 0.041004775632612504, 'NDCG@20': 0.04960988156393554}
2026-07-11 17:45:23,862 - INFO - Val: mrrs={'MRR@5': 0.02713397683379892, 'MRR@10': 0.030627938809848588, 'MRR@20': 0.032948606441950606}
2026-07-11 17:45:47,789 - INFO - Best NDCG@20: 0.04960988156393554
2026-07-11 17:45:47,790 - INFO - Test: CE=2.4896  recalls={'Recall@5': 0.033047603415285315, 'Recall@10': 0.05444198166911566, 'Recall@20': 0.08137753718960311}
2026-07-11 17:45:47,790 - INFO - Test: ndcgs={'NDCG@5': 0.021334173865296555, 'NDCG@10': 0.028187385216643115, 'NDCG@20': 0.03498431569057249}
2026-07-11 17:45:47,790 - INFO - Test: mrrs={'MRR@5': 0.017510502120527908, 'MRR@10': 0.020301245802477833, 'MRR@20': 0.022159577900935524}
2026-07-11 17:45:47,837 - INFO - Best model saved to ./model/ckpt/Beauty_kmeans_L4_lam1/Jul-11-2026_15-59-27/best_model.pth
2026-07-11 17:45:47,838 - INFO - Epoch 88/200
2026-07-11 17:46:21,079 - INFO - Train: total=2.2807
2026-07-11 17:46:44,234 - INFO - Val: CE=2.3201  recalls={'Recall@5': 0.04782784279723664, 'Recall@10': 0.07544382495701697, 'Recall@20': 0.10875475576922873}
2026-07-11 17:46:44,234 - INFO - Val: ndcgs={'NDCG@5': 0.03165365918039828, 'NDCG@10': 0.040562959272982035, 'NDCG@20': 0.04891450899601175}
2026-07-11 17:46:44,234 - INFO - Val: mrrs={'MRR@5': 0.026365545124630945, 'MRR@10': 0.030031040214929458, 'MRR@20': 0.03228546696007571}
2026-07-11 17:46:44,235 - INFO - No improvement in NDCG@20. Early stop counter: 1
2026-07-11 17:46:44,235 - INFO - Epoch 89/200
2026-07-11 17:47:17,768 - INFO - Train: total=2.2758
2026-07-11 17:47:40,741 - INFO - Val: CE=2.3163  recalls={'Recall@5': 0.04759939648850537, 'Recall@10': 0.07356614275743521, 'Recall@20': 0.10901071381847106}
2026-07-11 17:47:40,742 - INFO - Val: ndcgs={'NDCG@5': 0.03158996019176659, 'NDCG@10': 0.04001310623406788, 'NDCG@20': 0.04893114510923624}
2026-07-11 17:47:40,742 - INFO - Val: mrrs={'MRR@5': 0.02636130372074317, 'MRR@10': 0.029852358746750064, 'MRR@20': 0.032278022958693205}
2026-07-11 17:47:40,742 - INFO - No improvement in NDCG@20. Early stop counter: 2
2026-07-11 17:47:40,742 - INFO - Epoch 90/200
2026-07-11 17:48:14,185 - INFO - Train: total=2.2733
2026-07-11 17:48:37,869 - INFO - Val: CE=2.3117  recalls={'Recall@5': 0.048051376575244345, 'Recall@10': 0.07406282924163624, 'Recall@20': 0.10868794122478993}
2026-07-11 17:48:37,870 - INFO - Val: ndcgs={'NDCG@5': 0.0321700326207018, 'NDCG@10': 0.040574421364686135, 'NDCG@20': 0.04931529776229175}
2026-07-11 17:48:37,870 - INFO - Val: mrrs={'MRR@5': 0.026980655407732906, 'MRR@10': 0.03044485965246023, 'MRR@20': 0.032836970740273724}
2026-07-11 17:48:37,870 - INFO - No improvement in NDCG@20. Early stop counter: 3
2026-07-11 17:48:37,870 - INFO - Epoch 91/200
2026-07-11 17:49:11,179 - INFO - Train: total=2.2676
2026-07-11 17:49:34,120 - INFO - Val: CE=2.3148  recalls={'Recall@5': 0.047018209088577734, 'Recall@10': 0.07414978647068975, 'Recall@20': 0.10873510447518636}
2026-07-11 17:49:34,120 - INFO - Val: ndcgs={'NDCG@5': 0.03147000315611135, 'NDCG@10': 0.0401790973264724, 'NDCG@20': 0.04890234620698084}
2026-07-11 17:49:34,120 - INFO - Val: mrrs={'MRR@5': 0.026387439833858047, 'MRR@10': 0.029944507417652772, 'MRR@20': 0.0323274212163901}
2026-07-11 17:49:34,121 - INFO - No improvement in NDCG@20. Early stop counter: 4
2026-07-11 17:49:34,121 - INFO - Epoch 92/200
2026-07-11 17:50:06,772 - INFO - Train: total=2.2648
2026-07-11 17:50:30,496 - INFO - Val: CE=2.3097  recalls={'Recall@5': 0.04908208751675269, 'Recall@10': 0.07508371436224986, 'Recall@20': 0.11061769981304975}
2026-07-11 17:50:30,497 - INFO - Val: ndcgs={'NDCG@5': 0.032074694467764425, 'NDCG@10': 0.04042801326300645, 'NDCG@20': 0.04937220818878755}
2026-07-11 17:50:30,497 - INFO - Val: mrrs={'MRR@5': 0.026536953603537042, 'MRR@10': 0.02995302801044426, 'MRR@20': 0.03238722453165656}
2026-07-11 17:50:30,497 - INFO - No improvement in NDCG@20. Early stop counter: 5
2026-07-11 17:50:30,497 - INFO - Epoch 93/200
2026-07-11 17:51:04,010 - INFO - Train: total=2.2635
2026-07-11 17:51:27,167 - INFO - Val: CE=2.3106  recalls={'Recall@5': 0.04916904467785563, 'Recall@10': 0.07522520401351186, 'Recall@20': 0.11022270837391011}
2026-07-11 17:51:27,168 - INFO - Val: ndcgs={'NDCG@5': 0.032681655510460615, 'NDCG@10': 0.04104771855279259, 'NDCG@20': 0.04985519102274924}
2026-07-11 17:51:27,168 - INFO - Val: mrrs={'MRR@5': 0.02729948165290889, 'MRR@10': 0.030717984175153652, 'MRR@20': 0.03311357981837135}
2026-07-11 17:51:51,150 - INFO - Best NDCG@20: 0.04985519102274924
2026-07-11 17:51:51,151 - INFO - Test: CE=2.4780  recalls={'Recall@5': 0.033492214366186074, 'Recall@10': 0.0537689243215476, 'Recall@20': 0.08236354128197795}
2026-07-11 17:51:51,151 - INFO - Test: ndcgs={'NDCG@5': 0.02130647689751609, 'NDCG@10': 0.027824732505960206, 'NDCG@20': 0.03501152085907789}
2026-07-11 17:51:51,151 - INFO - Test: mrrs={'MRR@5': 0.01731865637927704, 'MRR@10': 0.019986057013489083, 'MRR@20': 0.021935851468810563}
2026-07-11 17:51:51,198 - INFO - Best model saved to ./model/ckpt/Beauty_kmeans_L4_lam1/Jul-11-2026_15-59-27/best_model.pth
2026-07-11 17:51:51,198 - INFO - Epoch 94/200
2026-07-11 17:52:23,652 - INFO - Train: total=2.2582
2026-07-11 17:52:47,332 - INFO - Val: CE=2.3074  recalls={'Recall@5': 0.04858785720598033, 'Recall@10': 0.07441065719854806, 'Recall@20': 0.11079898260757647}
2026-07-11 17:52:47,333 - INFO - Val: ndcgs={'NDCG@5': 0.032090871694773565, 'NDCG@10': 0.04040146426521561, 'NDCG@20': 0.049585391035855075}
2026-07-11 17:52:47,333 - INFO - Val: mrrs={'MRR@5': 0.026689415000171236, 'MRR@10': 0.03009519436548548, 'MRR@20': 0.03260720631131671}
2026-07-11 17:52:47,333 - INFO - No improvement in NDCG@20. Early stop counter: 1
2026-07-11 17:52:47,333 - INFO - Epoch 95/200
2026-07-11 17:53:20,945 - INFO - Train: total=2.2547
2026-07-11 17:53:43,943 - INFO - Val: CE=2.3044  recalls={'Recall@5': 0.05027934358067523, 'Recall@10': 0.07566735844323691, 'Recall@20': 0.1108436894487158}
2026-07-11 17:53:43,943 - INFO - Val: ndcgs={'NDCG@5': 0.03306613168619221, 'NDCG@10': 0.04129691606251595, 'NDCG@20': 0.05013943609257944}
2026-07-11 17:53:43,944 - INFO - Val: mrrs={'MRR@5': 0.027471954710461807, 'MRR@10': 0.030882338219813905, 'MRR@20': 0.03328271521816965}
2026-07-11 17:54:07,484 - INFO - Best NDCG@20: 0.05013943609257944
2026-07-11 17:54:07,485 - INFO - Test: CE=2.4714  recalls={'Recall@5': 0.033050059948452296, 'Recall@10': 0.05435011176944035, 'Recall@20': 0.08298206639520088}
2026-07-11 17:54:07,485 - INFO - Test: ndcgs={'NDCG@5': 0.02111300633212975, 'NDCG@10': 0.02796068783078039, 'NDCG@20': 0.03515467931548445}
2026-07-11 17:54:07,485 - INFO - Test: mrrs={'MRR@5': 0.01722067015849118, 'MRR@10': 0.02002315814137187, 'MRR@20': 0.02197415077616161}
2026-07-11 17:54:07,533 - INFO - Best model saved to ./model/ckpt/Beauty_kmeans_L4_lam1/Jul-11-2026_15-59-27/best_model.pth
2026-07-11 17:54:07,533 - INFO - Epoch 96/200
2026-07-11 17:54:39,563 - INFO - Train: total=2.2515
2026-07-11 17:55:02,965 - INFO - Val: CE=2.3095  recalls={'Recall@5': 0.051096346569067676, 'Recall@10': 0.0766509065780261, 'Recall@20': 0.11097044034865025}
2026-07-11 17:55:02,966 - INFO - Val: ndcgs={'NDCG@5': 0.033284158855596706, 'NDCG@10': 0.04150895043995727, 'NDCG@20': 0.05012010831921462}
2026-07-11 17:55:02,966 - INFO - Val: mrrs={'MRR@5': 0.027494267091882522, 'MRR@10': 0.030866141122757845, 'MRR@20': 0.03319512971560971}
2026-07-11 17:55:02,966 - INFO - No improvement in NDCG@20. Early stop counter: 1
2026-07-11 17:55:02,966 - INFO - Epoch 97/200
2026-07-11 17:55:35,986 - INFO - Train: total=2.2483
2026-07-11 17:55:59,344 - INFO - Val: CE=2.3042  recalls={'Recall@5': 0.0499713092626676, 'Recall@10': 0.07638020969351729, 'Recall@20': 0.11092819007665175}
2026-07-11 17:55:59,344 - INFO - Val: ndcgs={'NDCG@5': 0.03295374453435512, 'NDCG@10': 0.04141586801924547, 'NDCG@20': 0.0501188651414772}
2026-07-11 17:55:59,344 - INFO - Val: mrrs={'MRR@5': 0.02740991389970475, 'MRR@10': 0.03085712105277606, 'MRR@20': 0.033228930293246625}
2026-07-11 17:55:59,345 - INFO - No improvement in NDCG@20. Early stop counter: 2
2026-07-11 17:55:59,345 - INFO - Epoch 98/200
2026-07-11 17:56:32,547 - INFO - Train: total=2.2475
2026-07-11 17:56:56,082 - INFO - Val: CE=2.3036  recalls={'Recall@5': 0.04889834789327414, 'Recall@10': 0.0762460897816545, 'Recall@20': 0.11210284707867921}
2026-07-11 17:56:56,083 - INFO - Val: ndcgs={'NDCG@5': 0.03230679362348796, 'NDCG@10': 0.04110963078107797, 'NDCG@20': 0.05011359014140658}
2026-07-11 17:56:56,083 - INFO - Val: mrrs={'MRR@5': 0.02689425528145399, 'MRR@10': 0.03050309698229312, 'MRR@20': 0.0329418648756309}
2026-07-11 17:56:56,083 - INFO - No improvement in NDCG@20. Early stop counter: 3
2026-07-11 17:56:56,083 - INFO - Epoch 99/200
2026-07-11 17:57:30,304 - INFO - Train: total=2.2419
2026-07-11 17:57:54,322 - INFO - Val: CE=2.3028  recalls={'Recall@5': 0.04974286283802065, 'Recall@10': 0.07615667598346017, 'Recall@20': 0.11173782406111005}
2026-07-11 17:57:54,322 - INFO - Val: ndcgs={'NDCG@5': 0.033078840140317256, 'NDCG@10': 0.041623229477674474, 'NDCG@20': 0.050607281646095695}
2026-07-11 17:57:54,322 - INFO - Val: mrrs={'MRR@5': 0.02765060137545634, 'MRR@10': 0.031179201166153497, 'MRR@20': 0.033638927635393015}
2026-07-11 17:58:17,648 - INFO - Best NDCG@20: 0.050607281646095695
2026-07-11 17:58:17,648 - INFO - Test: CE=2.4689  recalls={'Recall@5': 0.0335369210994039, 'Recall@10': 0.0557856398350819, 'Recall@20': 0.0841965170081529}
2026-07-11 17:58:17,648 - INFO - Test: ndcgs={'NDCG@5': 0.021633796577737566, 'NDCG@10': 0.02876101889799433, 'NDCG@20': 0.03588482514303577}
2026-07-11 17:58:17,648 - INFO - Test: mrrs={'MRR@5': 0.017744532921211593, 'MRR@10': 0.020646268796663363, 'MRR@20': 0.022570525158132734}
2026-07-11 17:58:17,696 - INFO - Best model saved to ./model/ckpt/Beauty_kmeans_L4_lam1/Jul-11-2026_15-59-27/best_model.pth
2026-07-11 17:58:17,696 - INFO - Epoch 100/200
2026-07-11 17:58:51,139 - INFO - Train: total=2.2392
2026-07-11 17:59:14,413 - INFO - Val: CE=2.3015  recalls={'Recall@5': 0.049742862722104965, 'Recall@10': 0.07696631003986612, 'Recall@20': 0.11268157832516365}
2026-07-11 17:59:14,414 - INFO - Val: ndcgs={'NDCG@5': 0.03281416484382595, 'NDCG@10': 0.04159609183605137, 'NDCG@20': 0.05058593128392145}
2026-07-11 17:59:14,414 - INFO - Val: mrrs={'MRR@5': 0.027283875476528965, 'MRR@10': 0.03089660788684396, 'MRR@20': 0.03334334330576324}
2026-07-11 17:59:14,414 - INFO - No improvement in NDCG@20. Early stop counter: 1
2026-07-11 17:59:14,414 - INFO - Epoch 101/200
2026-07-11 17:59:47,864 - INFO - Train: total=2.2360
2026-07-11 18:00:11,595 - INFO - Val: CE=2.2983  recalls={'Recall@5': 0.05019238652749379, 'Recall@10': 0.07588843583597006, 'Recall@20': 0.1118296939368028}
2026-07-11 18:00:11,595 - INFO - Val: ndcgs={'NDCG@5': 0.03282046202937933, 'NDCG@10': 0.0411064098599115, 'NDCG@20': 0.05014766950975672}
2026-07-11 18:00:11,596 - INFO - Val: mrrs={'MRR@5': 0.0271494031659939, 'MRR@10': 0.030554759544979923, 'MRR@20': 0.03301240670067046}
2026-07-11 18:00:11,596 - INFO - No improvement in NDCG@20. Early stop counter: 2
2026-07-11 18:00:11,596 - INFO - Epoch 102/200
2026-07-11 18:00:45,352 - INFO - Train: total=2.2307
2026-07-11 18:01:08,737 - INFO - Val: CE=2.2966  recalls={'Recall@5': 0.050557409357199594, 'Recall@10': 0.07597293655983624, 'Recall@20': 0.1115938781844572}
2026-07-11 18:01:08,737 - INFO - Val: ndcgs={'NDCG@5': 0.03321837279505932, 'NDCG@10': 0.041366642071213974, 'NDCG@20': 0.05029972759575099}
2026-07-11 18:01:08,737 - INFO - Val: mrrs={'MRR@5': 0.02756120437604291, 'MRR@10': 0.030882878367421356, 'MRR@20': 0.03329618984399675}
2026-07-11 18:01:08,737 - INFO - No improvement in NDCG@20. Early stop counter: 3
2026-07-11 18:01:08,737 - INFO - Epoch 103/200
2026-07-11 18:01:42,720 - INFO - Train: total=2.2302
2026-07-11 18:02:06,251 - INFO - Val: CE=2.2954  recalls={'Recall@5': 0.05104181421081268, 'Recall@10': 0.07669561311538639, 'Recall@20': 0.11114926750136164}
2026-07-11 18:02:06,251 - INFO - Val: ndcgs={'NDCG@5': 0.03352108842577354, 'NDCG@10': 0.04177383309961676, 'NDCG@20': 0.05044112638310557}
2026-07-11 18:02:06,251 - INFO - Val: mrrs={'MRR@5': 0.027804094682499576, 'MRR@10': 0.031184925272553166, 'MRR@20': 0.033541500967599516}
2026-07-11 18:02:06,251 - INFO - No improvement in NDCG@20. Early stop counter: 4
2026-07-11 18:02:06,251 - INFO - Epoch 104/200
2026-07-11 18:02:40,076 - INFO - Train: total=2.2282
2026-07-11 18:03:03,722 - INFO - Val: CE=2.2949  recalls={'Recall@5': 0.05113859689302838, 'Recall@10': 0.07723455038321377, 'Recall@20': 0.11244821864631939}
2026-07-11 18:03:03,722 - INFO - Val: ndcgs={'NDCG@5': 0.033440191010932555, 'NDCG@10': 0.041830093626836276, 'NDCG@20': 0.0506829905809331}
2026-07-11 18:03:03,722 - INFO - Val: mrrs={'MRR@5': 0.027685245099305596, 'MRR@10': 0.03111952026484558, 'MRR@20': 0.03352297705452282}
2026-07-11 18:03:27,416 - INFO - Best NDCG@20: 0.0506829905809331
2026-07-11 18:03:27,417 - INFO - Test: CE=2.4610  recalls={'Recall@5': 0.033673497736294127, 'Recall@10': 0.05547023640921571, 'Recall@20': 0.08540605520629704}
2026-07-11 18:03:27,417 - INFO - Test: ndcgs={'NDCG@5': 0.021952344762169368, 'NDCG@10': 0.028936141212530787, 'NDCG@20': 0.036438452450622494}
2026-07-11 18:03:27,417 - INFO - Test: mrrs={'MRR@5': 0.018127545058855173, 'MRR@10': 0.02097232599718728, 'MRR@20': 0.022996888441521306}
2026-07-11 18:03:27,468 - INFO - Best model saved to ./model/ckpt/Beauty_kmeans_L4_lam1/Jul-11-2026_15-59-27/best_model.pth
2026-07-11 18:03:27,468 - INFO - Epoch 105/200
2026-07-11 18:04:01,065 - INFO - Train: total=2.2249
2026-07-11 18:04:25,172 - INFO - Val: CE=2.2975  recalls={'Recall@5': 0.05091015057630293, 'Recall@10': 0.07710288658082613, 'Recall@20': 0.1132627655092483}
2026-07-11 18:04:25,172 - INFO - Val: ndcgs={'NDCG@5': 0.03382751089220971, 'NDCG@10': 0.042261176028133014, 'NDCG@20': 0.05135597301699029}
2026-07-11 18:04:25,172 - INFO - Val: mrrs={'MRR@5': 0.0282465927762503, 'MRR@10': 0.03170571464529589, 'MRR@20': 0.03417687896062528}
2026-07-11 18:04:49,419 - INFO - Best NDCG@20: 0.05135597301699029
2026-07-11 18:04:49,420 - INFO - Test: CE=2.4641  recalls={'Recall@5': 0.035156188916430964, 'Recall@10': 0.05515483266358212, 'Recall@20': 0.0839282767007791}
2026-07-11 18:04:49,420 - INFO - Test: ndcgs={'NDCG@5': 0.02250106110289501, 'NDCG@10': 0.02892960289137462, 'NDCG@20': 0.036157342192592985}
2026-07-11 18:04:49,420 - INFO - Test: mrrs={'MRR@5': 0.01837389065200551, 'MRR@10': 0.02100441898938764, 'MRR@20': 0.022963804727702007}
2026-07-11 18:04:49,466 - INFO - Best model saved to ./model/ckpt/Beauty_kmeans_L4_lam1/Jul-11-2026_15-59-27/best_model.pth
2026-07-11 18:04:49,467 - INFO - Epoch 106/200
2026-07-11 18:05:20,249 - INFO - Train: total=2.2190
2026-07-11 18:05:43,766 - INFO - Val: CE=2.2956  recalls={'Recall@5': 0.05032650658325192, 'Recall@10': 0.07758974749994636, 'Recall@20': 0.1121848910455412}
2026-07-11 18:05:43,766 - INFO - Val: ndcgs={'NDCG@5': 0.03352351186701093, 'NDCG@10': 0.04229479289389827, 'NDCG@20': 0.051023053868709714}
2026-07-11 18:05:43,766 - INFO - Val: mrrs={'MRR@5': 0.028033736295790247, 'MRR@10': 0.03162837179793373, 'MRR@20': 0.034014971830878135}
2026-07-11 18:05:43,767 - INFO - No improvement in NDCG@20. Early stop counter: 1
2026-07-11 18:05:43,767 - INFO - Epoch 107/200
2026-07-11 18:06:16,280 - INFO - Train: total=2.2177
2026-07-11 18:06:40,341 - INFO - Val: CE=2.2930  recalls={'Recall@5': 0.0504630833040811, 'Recall@10': 0.07691914669753656, 'Recall@20': 0.11330010337043601}
2026-07-11 18:06:40,341 - INFO - Val: ndcgs={'NDCG@5': 0.032991944202681596, 'NDCG@10': 0.04151695838513836, 'NDCG@20': 0.05065511560563174}
2026-07-11 18:06:40,341 - INFO - Val: mrrs={'MRR@5': 0.02727811093753915, 'MRR@10': 0.03077771172403106, 'MRR@20': 0.03325371279794915}
2026-07-11 18:06:40,341 - INFO - No improvement in NDCG@20. Early stop counter: 2
2026-07-11 18:06:40,342 - INFO - Epoch 108/200
2026-07-11 18:07:12,721 - INFO - Train: total=2.2146
2026-07-11 18:07:36,726 - INFO - Val: CE=2.2879  recalls={'Recall@5': 0.05037367001351752, 'Recall@10': 0.0792861467411206, 'Recall@20': 0.11393336627968136}
2026-07-11 18:07:36,727 - INFO - Val: ndcgs={'NDCG@5': 0.033061546057686526, 'NDCG@10': 0.04238669018564914, 'NDCG@20': 0.05108202560984654}
2026-07-11 18:07:36,727 - INFO - Val: mrrs={'MRR@5': 0.027406212841780145, 'MRR@10': 0.031240763607866616, 'MRR@20': 0.03359277192063534}
2026-07-11 18:07:36,727 - INFO - No improvement in NDCG@20. Early stop counter: 3
2026-07-11 18:07:36,727 - INFO - Epoch 109/200
2026-07-11 18:08:07,834 - INFO - Train: total=2.2127
2026-07-11 18:08:31,466 - INFO - Val: CE=2.2892  recalls={'Recall@5': 0.051183303686202594, 'Recall@10': 0.07786290071377043, 'Recall@20': 0.11246050086048284}
2026-07-11 18:08:31,467 - INFO - Val: ndcgs={'NDCG@5': 0.033608958398915284, 'NDCG@10': 0.042178129813286114, 'NDCG@20': 0.05088022647849224}
2026-07-11 18:08:31,467 - INFO - Val: mrrs={'MRR@5': 0.02788344471587484, 'MRR@10': 0.031385667374769284, 'MRR@20': 0.033750329055231815}
2026-07-11 18:08:31,467 - INFO - No improvement in NDCG@20. Early stop counter: 4
2026-07-11 18:08:31,467 - INFO - Epoch 110/200
2026-07-11 18:09:05,374 - INFO - Train: total=2.2109
2026-07-11 18:09:29,180 - INFO - Val: CE=2.2873  recalls={'Recall@5': 0.05087035668957898, 'Recall@10': 0.07951213689241159, 'Recall@20': 0.11375208347316336}
2026-07-11 18:09:29,181 - INFO - Val: ndcgs={'NDCG@5': 0.03357194247355789, 'NDCG@10': 0.04280661703626997, 'NDCG@20': 0.051414400065325744}
2026-07-11 18:09:29,181 - INFO - Val: mrrs={'MRR@5': 0.027926178272341902, 'MRR@10': 0.0317220143332294, 'MRR@20': 0.034059052671357795}
2026-07-11 18:09:53,346 - INFO - Best NDCG@20: 0.051414400065325744
2026-07-11 18:09:53,346 - INFO - Test: CE=2.4545  recalls={'Recall@5': 0.03511148217521896, 'Recall@10': 0.05596201022279493, 'Recall@20': 0.08639451577587956}
2026-07-11 18:09:53,346 - INFO - Test: ndcgs={'NDCG@5': 0.022876308267624337, 'NDCG@10': 0.029593110492237135, 'NDCG@20': 0.03725857440334277}
2026-07-11 18:09:53,346 - INFO - Test: mrrs={'MRR@5': 0.018883039769136984, 'MRR@10': 0.021639631212241307, 'MRR@20': 0.023728213714917346}
2026-07-11 18:09:53,395 - INFO - Best model saved to ./model/ckpt/Beauty_kmeans_L4_lam1/Jul-11-2026_15-59-27/best_model.pth
2026-07-11 18:09:53,395 - INFO - Epoch 111/200
2026-07-11 18:10:25,394 - INFO - Train: total=2.2088
2026-07-11 18:10:48,668 - INFO - Val: CE=2.2862  recalls={'Recall@5': 0.05171732804358262, 'Recall@10': 0.07714022384244996, 'Recall@20': 0.11379433322154273}
2026-07-11 18:10:48,669 - INFO - Val: ndcgs={'NDCG@5': 0.033965417711551864, 'NDCG@10': 0.04215209812921164, 'NDCG@20': 0.051346681875180725}
2026-07-11 18:10:48,669 - INFO - Val: mrrs={'MRR@5': 0.028174169638390003, 'MRR@10': 0.03153327582334068, 'MRR@20': 0.0340180976589634}
2026-07-11 18:10:48,669 - INFO - No improvement in NDCG@20. Early stop counter: 1
2026-07-11 18:10:48,669 - INFO - Epoch 112/200
2026-07-11 18:11:22,243 - INFO - Train: total=2.2062
2026-07-11 18:11:45,845 - INFO - Val: CE=2.2874  recalls={'Recall@5': 0.052074981589557784, 'Recall@10': 0.07808152155335113, 'Recall@20': 0.11352363668877807}
2026-07-11 18:11:45,846 - INFO - Val: ndcgs={'NDCG@5': 0.03445821771669989, 'NDCG@10': 0.04283128660711832, 'NDCG@20': 0.0517172962587023}
2026-07-11 18:11:45,846 - INFO - Val: mrrs={'MRR@5': 0.02870641722815519, 'MRR@10': 0.03214009754737447, 'MRR@20': 0.034539585837159034}
2026-07-11 18:12:09,837 - INFO - Best NDCG@20: 0.0517172962587023
2026-07-11 18:12:09,838 - INFO - Test: CE=2.4529  recalls={'Recall@5': 0.03493019883309055, 'Recall@10': 0.05663506743845893, 'Recall@20': 0.08715944265938752}
2026-07-11 18:12:09,838 - INFO - Test: ndcgs={'NDCG@5': 0.02283694772369552, 'NDCG@10': 0.029782643836479265, 'NDCG@20': 0.0374265432331807}
2026-07-11 18:12:09,838 - INFO - Test: mrrs={'MRR@5': 0.018883145944906855, 'MRR@10': 0.02170646582608203, 'MRR@20': 0.023766246601057844}
2026-07-11 18:12:09,887 - INFO - Best model saved to ./model/ckpt/Beauty_kmeans_L4_lam1/Jul-11-2026_15-59-27/best_model.pth
2026-07-11 18:12:09,887 - INFO - Epoch 113/200
2026-07-11 18:12:42,462 - INFO - Train: total=2.2020
2026-07-11 18:13:05,646 - INFO - Val: CE=2.2878  recalls={'Recall@5': 0.05176203474882079, 'Recall@10': 0.07888378605022707, 'Recall@20': 0.11358062549226401}
2026-07-11 18:13:05,647 - INFO - Val: ndcgs={'NDCG@5': 0.0340377489712425, 'NDCG@10': 0.04270947557102585, 'NDCG@20': 0.05141601234258756}
2026-07-11 18:13:05,647 - INFO - Val: mrrs={'MRR@5': 0.028239207463179088, 'MRR@10': 0.03176116432281123, 'MRR@20': 0.034116213780012415}
2026-07-11 18:13:05,647 - INFO - No improvement in NDCG@20. Early stop counter: 1
2026-07-11 18:13:05,647 - INFO - Epoch 114/200
2026-07-11 18:13:38,986 - INFO - Train: total=2.1972
2026-07-11 18:14:02,909 - INFO - Val: CE=2.2845  recalls={'Recall@5': 0.051806741354131644, 'Recall@10': 0.07889115563773674, 'Recall@20': 0.1128083288573656}
2026-07-11 18:14:02,909 - INFO - Val: ndcgs={'NDCG@5': 0.03387832906808656, 'NDCG@10': 0.04259735540099154, 'NDCG@20': 0.0511367079090375}
2026-07-11 18:14:02,909 - INFO - Val: mrrs={'MRR@5': 0.028023075568189948, 'MRR@10': 0.03159768828750456, 'MRR@20': 0.03392147425014542}
2026-07-11 18:14:02,909 - INFO - No improvement in NDCG@20. Early stop counter: 2
2026-07-11 18:14:02,910 - INFO - Epoch 115/200
2026-07-11 18:14:35,405 - INFO - Train: total=2.1967
2026-07-11 18:14:58,453 - INFO - Val: CE=2.2877  recalls={'Recall@5': 0.051178391051554625, 'Recall@10': 0.07840429443882004, 'Recall@20': 0.11311636340320749}
2026-07-11 18:14:58,454 - INFO - Val: ndcgs={'NDCG@5': 0.03377496837258595, 'NDCG@10': 0.04254650935738511, 'NDCG@20': 0.051266754575697265}
2026-07-11 18:14:58,454 - INFO - Val: mrrs={'MRR@5': 0.028086639445099197, 'MRR@10': 0.03168780196512062, 'MRR@20': 0.034052520573424984}
2026-07-11 18:14:58,454 - INFO - No improvement in NDCG@20. Early stop counter: 3
2026-07-11 18:14:58,454 - INFO - Epoch 116/200
2026-07-11 18:15:31,380 - INFO - Train: total=2.1916
2026-07-11 18:15:54,572 - INFO - Val: CE=2.2848  recalls={'Recall@5': 0.052022905724498844, 'Recall@10': 0.07880419868048552, 'Recall@20': 0.11544848203483185}
2026-07-11 18:15:54,573 - INFO - Val: ndcgs={'NDCG@5': 0.03412897776124815, 'NDCG@10': 0.04275721176667339, 'NDCG@20': 0.05197372013311274}
2026-07-11 18:15:54,573 - INFO - Val: mrrs={'MRR@5': 0.028282677498945863, 'MRR@10': 0.0318252685586742, 'MRR@20': 0.03432965651054591}
2026-07-11 18:16:18,222 - INFO - Best NDCG@20: 0.05197372013311274
2026-07-11 18:16:18,222 - INFO - Test: CE=2.4516  recalls={'Recall@5': 0.03582187689632945, 'Recall@10': 0.05592712914659102, 'Recall@20': 0.08621814525226539}
2026-07-11 18:16:18,222 - INFO - Test: ndcgs={'NDCG@5': 0.022819875675561346, 'NDCG@10': 0.029285508196984812, 'NDCG@20': 0.0368882891873913}
2026-07-11 18:16:18,222 - INFO - Test: mrrs={'MRR@5': 0.018570723018085367, 'MRR@10': 0.021218255609913445, 'MRR@20': 0.02327479528415101}
2026-07-11 18:16:18,270 - INFO - Best model saved to ./model/ckpt/Beauty_kmeans_L4_lam1/Jul-11-2026_15-59-27/best_model.pth
2026-07-11 18:16:18,270 - INFO - Epoch 117/200
2026-07-11 18:16:51,890 - INFO - Train: total=2.1932
2026-07-11 18:17:15,543 - INFO - Val: CE=2.2814  recalls={'Recall@5': 0.052877246234326145, 'Recall@10': 0.07893831851640357, 'Recall@20': 0.11481767541093377}
2026-07-11 18:17:15,543 - INFO - Val: ndcgs={'NDCG@5': 0.034921539429767064, 'NDCG@10': 0.04327852641983765, 'NDCG@20': 0.05231530878237197}
2026-07-11 18:17:15,544 - INFO - Val: mrrs={'MRR@5': 0.02905997708279943, 'MRR@10': 0.03246727507999127, 'MRR@20': 0.03492853051758983}
2026-07-11 18:17:38,743 - INFO - Best NDCG@20: 0.05231530878237197
2026-07-11 18:17:38,743 - INFO - Test: CE=2.4493  recalls={'Recall@5': 0.03540969065234641, 'Recall@10': 0.05601162984247755, 'Recall@20': 0.08523214089608244}
2026-07-11 18:17:38,743 - INFO - Test: ndcgs={'NDCG@5': 0.022927646781018107, 'NDCG@10': 0.029512420235713346, 'NDCG@20': 0.036881252815507255}
2026-07-11 18:17:38,743 - INFO - Test: mrrs={'MRR@5': 0.018859220626704042, 'MRR@10': 0.021532126453549245, 'MRR@20': 0.023543877151640843}
2026-07-11 18:17:38,784 - INFO - Best model saved to ./model/ckpt/Beauty_kmeans_L4_lam1/Jul-11-2026_15-59-27/best_model.pth
2026-07-11 18:17:38,784 - INFO - Epoch 118/200
2026-07-11 18:18:12,629 - INFO - Train: total=2.1895
2026-07-11 18:18:36,578 - INFO - Val: CE=2.2834  recalls={'Recall@5': 0.05162300184656878, 'Recall@10': 0.079385385684701, 'Recall@20': 0.1150063278249469}
2026-07-11 18:18:36,579 - INFO - Val: ndcgs={'NDCG@5': 0.03424040524312995, 'NDCG@10': 0.04318089591830873, 'NDCG@20': 0.05212110675803422}
2026-07-11 18:18:36,579 - INFO - Val: mrrs={'MRR@5': 0.028553489068035405, 'MRR@10': 0.03222226236832964, 'MRR@20': 0.03464098927058287}
2026-07-11 18:18:36,579 - INFO - No improvement in NDCG@20. Early stop counter: 1
2026-07-11 18:18:36,579 - INFO - Epoch 119/200
2026-07-11 18:19:09,968 - INFO - Train: total=2.1861
2026-07-11 18:19:33,435 - INFO - Val: CE=2.2800  recalls={'Recall@5': 0.05247242938199524, 'Recall@10': 0.07987715961819299, 'Recall@20': 0.11545830768784868}
2026-07-11 18:19:33,435 - INFO - Val: ndcgs={'NDCG@5': 0.034545262857807936, 'NDCG@10': 0.043344813953613455, 'NDCG@20': 0.05226457029453163}
2026-07-11 18:19:33,435 - INFO - Val: mrrs={'MRR@5': 0.028685914086729544, 'MRR@10': 0.03228190879871101, 'MRR@20': 0.03468916099893265}
2026-07-11 18:19:33,436 - INFO - No improvement in NDCG@20. Early stop counter: 2
2026-07-11 18:19:33,436 - INFO - Epoch 120/200
2026-07-11 18:20:06,852 - INFO - Train: total=2.1852
2026-07-11 18:20:30,048 - INFO - Val: CE=2.2831  recalls={'Recall@5': 0.051446631187053456, 'Recall@10': 0.07910977640137268, 'Recall@20': 0.11485992513932768}
2026-07-11 18:20:30,049 - INFO - Val: ndcgs={'NDCG@5': 0.033981415493086045, 'NDCG@10': 0.04293069307084791, 'NDCG@20': 0.0518984046191089}
2026-07-11 18:20:30,049 - INFO - Val: mrrs={'MRR@5': 0.02826572829845477, 'MRR@10': 0.031961951699095895, 'MRR@20': 0.03438535562962246}
2026-07-11 18:20:30,049 - INFO - No improvement in NDCG@20. Early stop counter: 3
2026-07-11 18:20:30,049 - INFO - Epoch 121/200
2026-07-11 18:21:03,462 - INFO - Train: total=2.1823
2026-07-11 18:21:27,093 - INFO - Val: CE=2.2812  recalls={'Recall@5': 0.05229360261700184, 'Recall@10': 0.07934559209775899, 'Recall@20': 0.1154931887040962}
2026-07-11 18:21:27,094 - INFO - Val: ndcgs={'NDCG@5': 0.03452856458379795, 'NDCG@10': 0.04319848269903673, 'NDCG@20': 0.05228311404018251}
2026-07-11 18:21:27,094 - INFO - Val: mrrs={'MRR@5': 0.02870476300440441, 'MRR@10': 0.03223664202935226, 'MRR@20': 0.03470067585950373}
2026-07-11 18:21:27,094 - INFO - No improvement in NDCG@20. Early stop counter: 4
2026-07-11 18:21:27,094 - INFO - Epoch 122/200
2026-07-11 18:22:00,530 - INFO - Train: total=2.1797
2026-07-11 18:22:23,814 - INFO - Val: CE=2.2819  recalls={'Recall@5': 0.052127057654471357, 'Recall@10': 0.07906998233877666, 'Recall@20': 0.11505349080354103}
2026-07-11 18:22:23,815 - INFO - Val: ndcgs={'NDCG@5': 0.03455851375337195, 'NDCG@10': 0.04324438602387777, 'NDCG@20': 0.052296184874719306}
2026-07-11 18:22:23,815 - INFO - Val: mrrs={'MRR@5': 0.028789787796074166, 'MRR@10': 0.03235941789164947, 'MRR@20': 0.034819041762017354}
2026-07-11 18:22:23,815 - INFO - No improvement in NDCG@20. Early stop counter: 5
2026-07-11 18:22:23,815 - INFO - Epoch 123/200
2026-07-11 18:22:57,085 - INFO - Train: total=2.1764
2026-07-11 18:23:21,037 - INFO - Val: CE=2.2768  recalls={'Recall@5': 0.05350559690463569, 'Recall@10': 0.07960891929083372, 'Recall@20': 0.1153688944532444}
2026-07-11 18:23:21,038 - INFO - Val: ndcgs={'NDCG@5': 0.035182012650763914, 'NDCG@10': 0.04358370543173774, 'NDCG@20': 0.05259075546996916}
2026-07-11 18:23:21,038 - INFO - Val: mrrs={'MRR@5': 0.02919164080724376, 'MRR@10': 0.0326357723494528, 'MRR@20': 0.03508955330134254}
2026-07-11 18:23:45,186 - INFO - Best NDCG@20: 0.05259075546996916
2026-07-11 18:23:45,186 - INFO - Test: CE=2.4436  recalls={'Recall@5': 0.03574228911488737, 'Recall@10': 0.056235163372665514, 'Recall@20': 0.08710245387588704}
2026-07-11 18:23:45,187 - INFO - Test: ndcgs={'NDCG@5': 0.02335132940276626, 'NDCG@10': 0.02996886027737045, 'NDCG@20': 0.037765117853783996}
2026-07-11 18:23:45,187 - INFO - Test: mrrs={'MRR@5': 0.019310954996172833, 'MRR@10': 0.022036962783715565, 'MRR@20': 0.024173004408077188}
2026-07-11 18:23:45,233 - INFO - Best model saved to ./model/ckpt/Beauty_kmeans_L4_lam1/Jul-11-2026_15-59-27/best_model.pth
2026-07-11 18:23:45,233 - INFO - Epoch 124/200
2026-07-11 18:24:19,223 - INFO - Train: total=2.1749
2026-07-11 18:24:42,317 - INFO - Val: CE=2.2822  recalls={'Recall@5': 0.05279520236339436, 'Recall@10': 0.07943500554820626, 'Recall@20': 0.11580367903564877}
2026-07-11 18:24:42,318 - INFO - Val: ndcgs={'NDCG@5': 0.03492628735821902, 'NDCG@10': 0.04352570330032623, 'NDCG@20': 0.052673323235830266}
2026-07-11 18:24:42,318 - INFO - Val: mrrs={'MRR@5': 0.029066903997300584, 'MRR@10': 0.03260646699308198, 'MRR@20': 0.03509171463922865}
2026-07-11 18:25:06,265 - INFO - Best NDCG@20: 0.052673323235830266
2026-07-11 18:25:06,265 - INFO - Test: CE=2.4496  recalls={'Recall@5': 0.03569266954716695, 'Recall@10': 0.0566773179462859, 'Recall@20': 0.0869236270709227}
2026-07-11 18:25:06,266 - INFO - Test: ndcgs={'NDCG@5': 0.023655908480046773, 'NDCG@10': 0.03040130719914233, 'NDCG@20': 0.038024477823537496}
2026-07-11 18:25:06,266 - INFO - Test: mrrs={'MRR@5': 0.01972768561866598, 'MRR@10': 0.02248849106009234, 'MRR@20': 0.024567815636548456}
2026-07-11 18:25:06,312 - INFO - Best model saved to ./model/ckpt/Beauty_kmeans_L4_lam1/Jul-11-2026_15-59-27/best_model.pth
2026-07-11 18:25:06,312 - INFO - Epoch 125/200
2026-07-11 18:25:40,185 - INFO - Train: total=2.1717
2026-07-11 18:26:04,134 - INFO - Val: CE=2.2781  recalls={'Recall@5': 0.05310323624971598, 'Recall@10': 0.07991941044179027, 'Recall@20': 0.11567938476081442}
2026-07-11 18:26:04,135 - INFO - Val: ndcgs={'NDCG@5': 0.03503036708670944, 'NDCG@10': 0.04361538719605702, 'NDCG@20': 0.05259621598410057}
2026-07-11 18:26:04,135 - INFO - Val: mrrs={'MRR@5': 0.02912576771601075, 'MRR@10': 0.03261837254672075, 'MRR@20': 0.035051782176801896}
2026-07-11 18:26:04,135 - INFO - No improvement in NDCG@20. Early stop counter: 1
2026-07-11 18:26:04,135 - INFO - Epoch 126/200
2026-07-11 18:26:38,202 - INFO - Train: total=2.1694
2026-07-11 18:27:01,436 - INFO - Val: CE=2.2806  recalls={'Recall@5': 0.05373404298553267, 'Recall@10': 0.07966099561156122, 'Recall@20': 0.11545093828820235}
2026-07-11 18:27:01,437 - INFO - Val: ndcgs={'NDCG@5': 0.03549157163775786, 'NDCG@10': 0.04380775043988688, 'NDCG@20': 0.052841564908207996}
2026-07-11 18:27:01,437 - INFO - Val: mrrs={'MRR@5': 0.029526359754386697, 'MRR@10': 0.032920068367724126, 'MRR@20': 0.03539138596880653}
2026-07-11 18:27:24,606 - INFO - Best NDCG@20: 0.052841564908207996
2026-07-11 18:27:24,606 - INFO - Test: CE=2.4469  recalls={'Recall@5': 0.03667621754605499, 'Recall@10': 0.05735037534581617, 'Recall@20': 0.08737806349497113}
2026-07-11 18:27:24,606 - INFO - Test: ndcgs={'NDCG@5': 0.02389594712674362, 'NDCG@10': 0.030546866024568547, 'NDCG@20': 0.038111125820520224}
2026-07-11 18:27:24,606 - INFO - Test: mrrs={'MRR@5': 0.019732049867199022, 'MRR@10': 0.022457259382888707, 'MRR@20': 0.024518781096790416}
2026-07-11 18:27:24,653 - INFO - Best model saved to ./model/ckpt/Beauty_kmeans_L4_lam1/Jul-11-2026_15-59-27/best_model.pth
2026-07-11 18:27:24,653 - INFO - Epoch 127/200
2026-07-11 18:27:58,456 - INFO - Train: total=2.1677
2026-07-11 18:28:22,191 - INFO - Val: CE=2.2810  recalls={'Recall@5': 0.053413727184829535, 'Recall@10': 0.07961383214132468, 'Recall@20': 0.11575897271013438}
2026-07-11 18:28:22,191 - INFO - Val: ndcgs={'NDCG@5': 0.03532245075490022, 'NDCG@10': 0.043744667384237886, 'NDCG@20': 0.05285787564410544}
2026-07-11 18:28:22,191 - INFO - Val: mrrs={'MRR@5': 0.029409033140415413, 'MRR@10': 0.03285612936017739, 'MRR@20': 0.03534378080784699}
2026-07-11 18:28:46,272 - INFO - Best NDCG@20: 0.05285787564410544
2026-07-11 18:28:46,273 - INFO - Test: CE=2.4487  recalls={'Recall@5': 0.03555854935550767, 'Recall@10': 0.056908220656280095, 'Recall@20': 0.08666275594735222}
2026-07-11 18:28:46,273 - INFO - Test: ndcgs={'NDCG@5': 0.02334325222993997, 'NDCG@10': 0.030186857904263575, 'NDCG@20': 0.03765207648581062}
2026-07-11 18:28:46,273 - INFO - Test: mrrs={'MRR@5': 0.019363972544270396, 'MRR@10': 0.022153597573405973, 'MRR@20': 0.02417235512335389}
2026-07-11 18:28:46,319 - INFO - Best model saved to ./model/ckpt/Beauty_kmeans_L4_lam1/Jul-11-2026_15-59-27/best_model.pth
2026-07-11 18:28:46,319 - INFO - Epoch 128/200
2026-07-11 18:29:19,572 - INFO - Train: total=2.1653
2026-07-11 18:29:43,033 - INFO - Val: CE=2.2771  recalls={'Recall@5': 0.05269841944535019, 'Recall@10': 0.0800088236004498, 'Recall@20': 0.11540868840392184}
2026-07-11 18:29:43,033 - INFO - Val: ndcgs={'NDCG@5': 0.034943150656193876, 'NDCG@10': 0.04372236617269242, 'NDCG@20': 0.052649667444578954}
2026-07-11 18:29:43,034 - INFO - Val: mrrs={'MRR@5': 0.029112969569126426, 'MRR@10': 0.032705461049288544, 'MRR@20': 0.03514334476101232}
2026-07-11 18:29:43,034 - INFO - No improvement in NDCG@20. Early stop counter: 1
2026-07-11 18:29:43,034 - INFO - Epoch 129/200
2026-07-11 18:30:15,805 - INFO - Train: total=2.1616
2026-07-11 18:30:39,849 - INFO - Val: CE=2.2763  recalls={'Recall@5': 0.05252204874986103, 'Recall@10': 0.07920410261437488, 'Recall@20': 0.11576388585241311}
2026-07-11 18:30:39,849 - INFO - Val: ndcgs={'NDCG@5': 0.03461336578909995, 'NDCG@10': 0.04321488643928467, 'NDCG@20': 0.05246417864541575}
2026-07-11 18:30:39,850 - INFO - Val: mrrs={'MRR@5': 0.028760138528357567, 'MRR@10': 0.032293688823656845, 'MRR@20': 0.03483620266302173}
2026-07-11 18:30:39,850 - INFO - No improvement in NDCG@20. Early stop counter: 2
2026-07-11 18:30:39,850 - INFO - Epoch 130/200
2026-07-11 18:31:11,618 - INFO - Train: total=2.1611
2026-07-11 18:31:34,389 - INFO - Val: CE=2.2744  recalls={'Recall@5': 0.05292195303149745, 'Recall@10': 0.07911960219428775, 'Recall@20': 0.11519006764828008}
2026-07-11 18:31:34,390 - INFO - Val: ndcgs={'NDCG@5': 0.03539936417362017, 'NDCG@10': 0.04384690955033438, 'NDCG@20': 0.05291684564550771}
2026-07-11 18:31:34,390 - INFO - Val: mrrs={'MRR@5': 0.029648844667314652, 'MRR@10': 0.033120960085113164, 'MRR@20': 0.035584496769128775}
2026-07-11 18:31:57,614 - INFO - Best NDCG@20: 0.05291684564550771
2026-07-11 18:31:57,614 - INFO - Test: CE=2.4419  recalls={'Recall@5': 0.03502206881270772, 'Recall@10': 0.055204452407174615, 'Recall@20': 0.0862603958440313}
2026-07-11 18:31:57,614 - INFO - Test: ndcgs={'NDCG@5': 0.022937060825430785, 'NDCG@10': 0.0294244856345807, 'NDCG@20': 0.037197657640975434}
2026-07-11 18:31:57,615 - INFO - Test: mrrs={'MRR@5': 0.018980125266091316, 'MRR@10': 0.021634670440107584, 'MRR@20': 0.023726378256992673}
2026-07-11 18:31:57,661 - INFO - Best model saved to ./model/ckpt/Beauty_kmeans_L4_lam1/Jul-11-2026_15-59-27/best_model.pth
2026-07-11 18:31:57,661 - INFO - Epoch 131/200
2026-07-11 18:32:30,552 - INFO - Train: total=2.1594
2026-07-11 18:32:53,992 - INFO - Val: CE=2.2748  recalls={'Recall@5': 0.05323981298253644, 'Recall@10': 0.07978528983443336, 'Recall@20': 0.11612153968218186}
2026-07-11 18:32:53,993 - INFO - Val: ndcgs={'NDCG@5': 0.035205240559248584, 'NDCG@10': 0.04376217790543553, 'NDCG@20': 0.052869809169897836}
2026-07-11 18:32:53,993 - INFO - Val: mrrs={'MRR@5': 0.029309851246338354, 'MRR@10': 0.032825961925864795, 'MRR@20': 0.03528336167001753}
2026-07-11 18:32:53,993 - INFO - No improvement in NDCG@20. Early stop counter: 1
2026-07-11 18:32:53,993 - INFO - Epoch 132/200
2026-07-11 18:33:25,317 - INFO - Train: total=2.1577
2026-07-11 18:33:48,895 - INFO - Val: CE=2.2732  recalls={'Recall@5': 0.052797658544817196, 'Recall@10': 0.07978283373295238, 'Recall@20': 0.11621095288880649}
2026-07-11 18:33:48,896 - INFO - Val: ndcgs={'NDCG@5': 0.034873483126959065, 'NDCG@10': 0.04353596597046555, 'NDCG@20': 0.052697569905288615}
2026-07-11 18:33:48,896 - INFO - Val: mrrs={'MRR@5': 0.028997976801562016, 'MRR@10': 0.03253628947530261, 'MRR@20': 0.03502507038442458}
2026-07-11 18:33:48,896 - INFO - No improvement in NDCG@20. Early stop counter: 2
2026-07-11 18:33:48,896 - INFO - Epoch 133/200
2026-07-11 18:34:22,782 - INFO - Train: total=2.1539
2026-07-11 18:34:46,102 - INFO - Val: CE=2.2763  recalls={'Recall@5': 0.052936691427083744, 'Recall@10': 0.07961137600386987, 'Recall@20': 0.11647919342001749}
2026-07-11 18:34:46,102 - INFO - Val: ndcgs={'NDCG@5': 0.035030510796178055, 'NDCG@10': 0.0435997856902798, 'NDCG@20': 0.05289189608132091}
2026-07-11 18:34:46,102 - INFO - Val: mrrs={'MRR@5': 0.029175010662677782, 'MRR@10': 0.03267851983079119, 'MRR@20': 0.03521440889363581}
2026-07-11 18:34:46,103 - INFO - No improvement in NDCG@20. Early stop counter: 3
2026-07-11 18:34:46,103 - INFO - Epoch 134/200
2026-07-11 18:35:19,547 - INFO - Train: total=2.1526
2026-07-11 18:35:43,249 - INFO - Val: CE=2.2716  recalls={'Recall@5': 0.05408924065386405, 'Recall@10': 0.07996657328848035, 'Recall@20': 0.11814316758654149}
2026-07-11 18:35:43,250 - INFO - Val: ndcgs={'NDCG@5': 0.035661396332676704, 'NDCG@10': 0.04398029787433953, 'NDCG@20': 0.05353179047395807}
2026-07-11 18:35:43,250 - INFO - Val: mrrs={'MRR@5': 0.029635817696871996, 'MRR@10': 0.033039687920857395, 'MRR@20': 0.035608045607925166}
2026-07-11 18:36:06,664 - INFO - Best NDCG@20: 0.05353179047395807
2026-07-11 18:36:06,664 - INFO - Test: CE=2.4403  recalls={'Recall@5': 0.035200895645651695, 'Recall@10': 0.05627987043364493, 'Recall@20': 0.08666029960604568}
2026-07-11 18:36:06,665 - INFO - Test: ndcgs={'NDCG@5': 0.022925666197654772, 'NDCG@10': 0.02971528058216104, 'NDCG@20': 0.0373243496627367}
2026-07-11 18:36:06,665 - INFO - Test: mrrs={'MRR@5': 0.01891868225250857, 'MRR@10': 0.021704735558643905, 'MRR@20': 0.023755034869496785}
2026-07-11 18:36:06,714 - INFO - Best model saved to ./model/ckpt/Beauty_kmeans_L4_lam1/Jul-11-2026_15-59-27/best_model.pth
2026-07-11 18:36:06,714 - INFO - Epoch 135/200
2026-07-11 18:36:40,420 - INFO - Train: total=2.1503
2026-07-11 18:37:03,819 - INFO - Val: CE=2.2747  recalls={'Recall@5': 0.05328206332648261, 'Recall@10': 0.08139964511673978, 'Recall@20': 0.11787492740307755}
2026-07-11 18:37:03,819 - INFO - Val: ndcgs={'NDCG@5': 0.035132121600514446, 'NDCG@10': 0.0441193210017016, 'NDCG@20': 0.05328823553893891}
2026-07-11 18:37:03,819 - INFO - Val: mrrs={'MRR@5': 0.029193736765685575, 'MRR@10': 0.03284074727829562, 'MRR@20': 0.03532987433888394}
2026-07-11 18:37:03,819 - INFO - No improvement in NDCG@20. Early stop counter: 1
2026-07-11 18:37:03,819 - INFO - Epoch 136/200
2026-07-11 18:37:37,598 - INFO - Train: total=2.1460
2026-07-11 18:38:01,609 - INFO - Val: CE=2.2720  recalls={'Recall@5': 0.053150399476129866, 'Recall@10': 0.08006089948949129, 'Recall@20': 0.11697342363485963}
2026-07-11 18:38:01,609 - INFO - Val: ndcgs={'NDCG@5': 0.03500726576614725, 'NDCG@10': 0.043671848058556666, 'NDCG@20': 0.05297152749602503}
2026-07-11 18:38:01,610 - INFO - Val: mrrs={'MRR@5': 0.02905492489865697, 'MRR@10': 0.03260893626248488, 'MRR@20': 0.03514408540828034}
2026-07-11 18:38:01,610 - INFO - No improvement in NDCG@20. Early stop counter: 2
2026-07-11 18:38:01,610 - INFO - Epoch 137/200
2026-07-11 18:38:34,811 - INFO - Train: total=2.1460
2026-07-11 18:38:57,743 - INFO - Val: CE=2.2740  recalls={'Recall@5': 0.05314303028832945, 'Recall@10': 0.08005107417223024, 'Recall@20': 0.11567938510856147}
2026-07-11 18:38:57,743 - INFO - Val: ndcgs={'NDCG@5': 0.035279561423740544, 'NDCG@10': 0.0438894857292747, 'NDCG@20': 0.05284979690441886}
2026-07-11 18:38:57,743 - INFO - Val: mrrs={'MRR@5': 0.029416336907801325, 'MRR@10': 0.03291566267883397, 'MRR@20': 0.03534925876878794}
2026-07-11 18:38:57,743 - INFO - No improvement in NDCG@20. Early stop counter: 3
2026-07-11 18:38:57,744 - INFO - Epoch 138/200
2026-07-11 18:39:31,488 - INFO - Train: total=2.1463
2026-07-11 18:39:55,373 - INFO - Val: CE=2.2756  recalls={'Recall@5': 0.05435748097722622, 'Recall@10': 0.08027215116925122, 'Recall@20': 0.11661822584261838}
2026-07-11 18:39:55,373 - INFO - Val: ndcgs={'NDCG@5': 0.03535136770728832, 'NDCG@10': 0.04371907346374295, 'NDCG@20': 0.05285842502149933}
2026-07-11 18:39:55,373 - INFO - Val: mrrs={'MRR@5': 0.02913289938757572, 'MRR@10': 0.032578282998555017, 'MRR@20': 0.03506106226040498}
2026-07-11 18:39:55,373 - INFO - No improvement in NDCG@20. Early stop counter: 4
2026-07-11 18:39:55,373 - INFO - Epoch 139/200
2026-07-11 18:40:28,307 - INFO - Train: total=2.1415
2026-07-11 18:40:51,658 - INFO - Val: CE=2.2738  recalls={'Recall@5': 0.052703332303835344, 'Recall@10': 0.08005353039762109, 'Recall@20': 0.11647182423621416}
2026-07-11 18:40:51,659 - INFO - Val: ndcgs={'NDCG@5': 0.034511052593668774, 'NDCG@10': 0.04329006415951693, 'NDCG@20': 0.052469829992738914}
2026-07-11 18:40:51,659 - INFO - Val: mrrs={'MRR@5': 0.028543000073519897, 'MRR@10': 0.03212930384449773, 'MRR@20': 0.03463383420428477}
2026-07-11 18:40:51,659 - INFO - No improvement in NDCG@20. Early stop counter: 5
2026-07-11 18:40:51,659 - INFO - Epoch 140/200
2026-07-11 18:41:24,935 - INFO - Train: total=2.1381
2026-07-11 18:41:48,407 - INFO - Val: CE=2.2738  recalls={'Recall@5': 0.05436239401957764, 'Recall@10': 0.08100465353770189, 'Recall@20': 0.11671746537776848}
2026-07-11 18:41:48,407 - INFO - Val: ndcgs={'NDCG@5': 0.03575319206829746, 'NDCG@10': 0.04432173317514136, 'NDCG@20': 0.053314664580983155}
2026-07-11 18:41:48,408 - INFO - Val: mrrs={'MRR@5': 0.029662018992574365, 'MRR@10': 0.03317127114035941, 'MRR@20': 0.03561999658452419}
2026-07-11 18:41:48,408 - INFO - No improvement in NDCG@20. Early stop counter: 6
2026-07-11 18:41:48,408 - INFO - Epoch 141/200
2026-07-11 18:42:20,083 - INFO - Train: total=2.1396
2026-07-11 18:42:43,884 - INFO - Val: CE=2.2736  recalls={'Recall@5': 0.0531926498400615, 'Recall@10': 0.08085579505038364, 'Recall@20': 0.11773589467669761}
2026-07-11 18:42:43,885 - INFO - Val: ndcgs={'NDCG@5': 0.03572317231806243, 'NDCG@10': 0.04462220477012222, 'NDCG@20': 0.05389153794185638}
2026-07-11 18:42:43,885 - INFO - Val: mrrs={'MRR@5': 0.02998882851687304, 'MRR@10': 0.03363417130405315, 'MRR@20': 0.03614928991141102}
2026-07-11 18:43:07,627 - INFO - Best NDCG@20: 0.05389153794185638
2026-07-11 18:43:07,628 - INFO - Test: CE=2.4404  recalls={'Recall@5': 0.03663151067693602, 'Recall@10': 0.05667977426760698, 'Recall@20': 0.08804866435733731}
2026-07-11 18:43:07,628 - INFO - Test: ndcgs={'NDCG@5': 0.024013700481312343, 'NDCG@10': 0.03046324922775154, 'NDCG@20': 0.03834209629522373}
2026-07-11 18:43:07,628 - INFO - Test: mrrs={'MRR@5': 0.019901411317073032, 'MRR@10': 0.02254428743642591, 'MRR@20': 0.024678690159641397}
2026-07-11 18:43:07,676 - INFO - Best model saved to ./model/ckpt/Beauty_kmeans_L4_lam1/Jul-11-2026_15-59-27/best_model.pth
2026-07-11 18:43:07,676 - INFO - Epoch 142/200
2026-07-11 18:43:39,837 - INFO - Train: total=2.1367
2026-07-11 18:44:03,372 - INFO - Val: CE=2.2749  recalls={'Recall@5': 0.05453385157278807, 'Recall@10': 0.08099237148741924, 'Recall@20': 0.11639223591516458}
2026-07-11 18:44:03,373 - INFO - Val: ndcgs={'NDCG@5': 0.03605392404787978, 'NDCG@10': 0.044505664629086276, 'NDCG@20': 0.053437355092362915}
2026-07-11 18:44:03,373 - INFO - Val: mrrs={'MRR@5': 0.030004525086502726, 'MRR@10': 0.03343327729832861, 'MRR@20': 0.03587498733985674}
2026-07-11 18:44:03,373 - INFO - No improvement in NDCG@20. Early stop counter: 1
2026-07-11 18:44:03,373 - INFO - Epoch 143/200
2026-07-11 18:44:35,508 - INFO - Train: total=2.1345
2026-07-11 18:44:59,114 - INFO - Val: CE=2.2704  recalls={'Recall@5': 0.0548492549227095, 'Recall@10': 0.08045589101656696, 'Recall@20': 0.11675725887677445}
2026-07-11 18:44:59,114 - INFO - Val: ndcgs={'NDCG@5': 0.03640470395160463, 'NDCG@10': 0.04461954631383007, 'NDCG@20': 0.05375985307179296}
2026-07-11 18:44:59,114 - INFO - Val: mrrs={'MRR@5': 0.030374313481831564, 'MRR@10': 0.03372674078186934, 'MRR@20': 0.03621597016777827}
2026-07-11 18:44:59,114 - INFO - No improvement in NDCG@20. Early stop counter: 2
2026-07-11 18:44:59,115 - INFO - Epoch 144/200
2026-07-11 18:45:32,027 - INFO - Train: total=2.1327
2026-07-11 18:45:55,554 - INFO - Val: CE=2.2694  recalls={'Recall@5': 0.054136403864289556, 'Recall@10': 0.08107687248308772, 'Recall@20': 0.11660840065326429}
2026-07-11 18:45:55,554 - INFO - Val: ndcgs={'NDCG@5': 0.035433452336573294, 'NDCG@10': 0.04405704005661345, 'NDCG@20': 0.052978372310244284}
2026-07-11 18:45:55,554 - INFO - Val: mrrs={'MRR@5': 0.029314027047943916, 'MRR@10': 0.03282227856406838, 'MRR@20': 0.03523814410611771}
2026-07-11 18:45:55,555 - INFO - No improvement in NDCG@20. Early stop counter: 3
2026-07-11 18:45:55,555 - INFO - Epoch 145/200
2026-07-11 18:46:26,682 - INFO - Train: total=2.1312
2026-07-11 18:46:50,229 - INFO - Val: CE=2.2712  recalls={'Recall@5': 0.054178654096317135, 'Recall@10': 0.08032668376733178, 'Recall@20': 0.11769118778359608}
2026-07-11 18:46:50,229 - INFO - Val: ndcgs={'NDCG@5': 0.03584478741767516, 'NDCG@10': 0.04423629530593593, 'NDCG@20': 0.053617688738281315}
2026-07-11 18:46:50,229 - INFO - Val: mrrs={'MRR@5': 0.029841034499280827, 'MRR@10': 0.033267356450329716, 'MRR@20': 0.035808044128257846}
2026-07-11 18:46:50,229 - INFO - No improvement in NDCG@20. Early stop counter: 4
2026-07-11 18:46:50,229 - INFO - Epoch 146/200
2026-07-11 18:47:22,695 - INFO - Train: total=2.1287
2026-07-11 18:47:47,170 - INFO - Val: CE=2.2688  recalls={'Recall@5': 0.054133947526980114, 'Recall@10': 0.08153376496464909, 'Recall@20': 0.11778060109414512}
2026-07-11 18:47:47,171 - INFO - Val: ndcgs={'NDCG@5': 0.03615644760629714, 'NDCG@10': 0.0449807346236888, 'NDCG@20': 0.05412426880908562}
2026-07-11 18:47:47,171 - INFO - Val: mrrs={'MRR@5': 0.03027210219227609, 'MRR@10': 0.03389302068320003, 'MRR@20': 0.03639134019963012}
2026-07-11 18:48:11,867 - INFO - Best NDCG@20: 0.05412426880908562
2026-07-11 18:48:11,868 - INFO - Test: CE=2.4346  recalls={'Recall@5': 0.03676563095653134, 'Recall@10': 0.05726587456998779, 'Recall@20': 0.08827711117769643}
2026-07-11 18:48:11,868 - INFO - Test: ndcgs={'NDCG@5': 0.024051525997789376, 'NDCG@10': 0.030633694579217247, 'NDCG@20': 0.03841195783533891}
2026-07-11 18:48:11,868 - INFO - Test: mrrs={'MRR@5': 0.01989794784033663, 'MRR@10': 0.02258659472844919, 'MRR@20': 0.024688039769422535}
2026-07-11 18:48:11,916 - INFO - Best model saved to ./model/ckpt/Beauty_kmeans_L4_lam1/Jul-11-2026_15-59-27/best_model.pth
2026-07-11 18:48:11,916 - INFO - Epoch 147/200
2026-07-11 18:48:44,658 - INFO - Train: total=2.1270
2026-07-11 18:49:09,026 - INFO - Val: CE=2.2683  recalls={'Recall@5': 0.05476475460654676, 'Recall@10': 0.08139718833975014, 'Recall@20': 0.11867473545472254}
2026-07-11 18:49:09,026 - INFO - Val: ndcgs={'NDCG@5': 0.03639574719257173, 'NDCG@10': 0.0449763239219449, 'NDCG@20': 0.05433217841680182}
2026-07-11 18:49:09,026 - INFO - Val: mrrs={'MRR@5': 0.03039155769073944, 'MRR@10': 0.03391436554287668, 'MRR@20': 0.036445152470412315}
2026-07-11 18:49:32,574 - INFO - Best NDCG@20: 0.05433217841680182
2026-07-11 18:49:32,574 - INFO - Test: CE=2.4336  recalls={'Recall@5': 0.036095030154121535, 'Recall@10': 0.05758373428120122, 'Recall@20': 0.08805357759954335}
2026-07-11 18:49:32,574 - INFO - Test: ndcgs={'NDCG@5': 0.023986753256184094, 'NDCG@10': 0.030875858694890537, 'NDCG@20': 0.03852827136320874}
2026-07-11 18:49:32,575 - INFO - Test: mrrs={'MRR@5': 0.020019990518936975, 'MRR@10': 0.02282883293872755, 'MRR@20': 0.024902600695103277}
2026-07-11 18:49:32,623 - INFO - Best model saved to ./model/ckpt/Beauty_kmeans_L4_lam1/Jul-11-2026_15-59-27/best_model.pth
2026-07-11 18:49:32,623 - INFO - Epoch 148/200
2026-07-11 18:50:06,145 - INFO - Train: total=2.1255
2026-07-11 18:50:29,540 - INFO - Val: CE=2.2757  recalls={'Recall@5': 0.05454122085252161, 'Recall@10': 0.08139227589696262, 'Recall@20': 0.11773835071022802}
2026-07-11 18:50:29,541 - INFO - Val: ndcgs={'NDCG@5': 0.035848299135322094, 'NDCG@10': 0.04447760753925138, 'NDCG@20': 0.05361575955053384}
2026-07-11 18:50:29,541 - INFO - Val: mrrs={'MRR@5': 0.029731011861543543, 'MRR@10': 0.03326091756534567, 'MRR@20': 0.035742800000279566}
2026-07-11 18:50:29,541 - INFO - No improvement in NDCG@20. Early stop counter: 1
2026-07-11 18:50:29,541 - INFO - Epoch 149/200
2026-07-11 18:51:03,130 - INFO - Train: total=2.1244
2026-07-11 18:51:27,024 - INFO - Val: CE=2.2680  recalls={'Recall@5': 0.05458347100061025, 'Recall@10': 0.08304642458234478, 'Recall@20': 0.11657597607825064}
2026-07-11 18:51:27,024 - INFO - Val: ndcgs={'NDCG@5': 0.03633021936020434, 'NDCG@10': 0.04542931015583259, 'NDCG@20': 0.053881051986130524}
2026-07-11 18:51:27,024 - INFO - Val: mrrs={'MRR@5': 0.030336754782277243, 'MRR@10': 0.03403085342692331, 'MRR@20': 0.0363363421526078}
2026-07-11 18:51:27,024 - INFO - No improvement in NDCG@20. Early stop counter: 2
2026-07-11 18:51:27,025 - INFO - Epoch 150/200
2026-07-11 18:52:00,741 - INFO - Train: total=2.1217
2026-07-11 18:52:23,868 - INFO - Val: CE=2.2701  recalls={'Recall@5': 0.054988288028813226, 'Recall@10': 0.08237336685905002, 'Recall@20': 0.11814562411970847}
2026-07-11 18:52:23,869 - INFO - Val: ndcgs={'NDCG@5': 0.036376511016580806, 'NDCG@10': 0.04514360438148959, 'NDCG@20': 0.05414957924478172}
2026-07-11 18:52:23,869 - INFO - Val: mrrs={'MRR@5': 0.03027319126910342, 'MRR@10': 0.03384035548630926, 'MRR@20': 0.036292032502559635}
2026-07-11 18:52:23,869 - INFO - No improvement in NDCG@20. Early stop counter: 3
2026-07-11 18:52:23,869 - INFO - Epoch 151/200
2026-07-11 18:52:56,804 - INFO - Train: total=2.1180
2026-07-11 18:53:20,583 - INFO - Val: CE=2.2695  recalls={'Recall@5': 0.05359746671237787, 'Recall@10': 0.08161826580842806, 'Recall@20': 0.11863248499486068}
2026-07-11 18:53:20,584 - INFO - Val: ndcgs={'NDCG@5': 0.035527220401561185, 'NDCG@10': 0.04452982148787111, 'NDCG@20': 0.053841180505846575}
2026-07-11 18:53:20,584 - INFO - Val: mrrs={'MRR@5': 0.02959934792025694, 'MRR@10': 0.03328026315025474, 'MRR@20': 0.035809763082674834}
2026-07-11 18:53:20,584 - INFO - No improvement in NDCG@20. Early stop counter: 4
2026-07-11 18:53:20,584 - INFO - Epoch 152/200
2026-07-11 18:53:51,925 - INFO - Train: total=2.1157
2026-07-11 18:54:16,180 - INFO - Val: CE=2.2689  recalls={'Recall@5': 0.054225817226800796, 'Recall@10': 0.08156373345417015, 'Recall@20': 0.11755952367742942}
2026-07-11 18:54:16,180 - INFO - Val: ndcgs={'NDCG@5': 0.03601282493255297, 'NDCG@10': 0.04480035861258599, 'NDCG@20': 0.053836391896984734}
2026-07-11 18:54:16,180 - INFO - Val: mrrs={'MRR@5': 0.03003762963291881, 'MRR@10': 0.03363411644595583, 'MRR@20': 0.036078738553305616}
2026-07-11 18:54:16,181 - INFO - No improvement in NDCG@20. Early stop counter: 5
2026-07-11 18:54:16,181 - INFO - Epoch 153/200
2026-07-11 18:54:50,116 - INFO - Train: total=2.1143
2026-07-11 18:55:13,167 - INFO - Val: CE=2.2685  recalls={'Recall@5': 0.05511749521009784, 'Recall@10': 0.08202553922590268, 'Recall@20': 0.11783022066586263}
2026-07-11 18:55:13,167 - INFO - Val: ndcgs={'NDCG@5': 0.03652216416739663, 'NDCG@10': 0.045136591170758585, 'NDCG@20': 0.054124285920639024}
2026-07-11 18:55:13,167 - INFO - Val: mrrs={'MRR@5': 0.030441987769910066, 'MRR@10': 0.03394695864780506, 'MRR@20': 0.036379502275798774}
2026-07-11 18:55:13,167 - INFO - No improvement in NDCG@20. Early stop counter: 6
2026-07-11 18:55:13,168 - INFO - Epoch 154/200
2026-07-11 18:55:47,238 - INFO - Train: total=2.1149
2026-07-11 18:56:10,791 - INFO - Val: CE=2.2682  recalls={'Recall@5': 0.0547225039308419, 'Recall@10': 0.0824726061823542, 'Recall@20': 0.11917633521710343}
2026-07-11 18:56:10,791 - INFO - Val: ndcgs={'NDCG@5': 0.036184338351128054, 'NDCG@10': 0.045132712455058684, 'NDCG@20': 0.05438713046478291}
2026-07-11 18:56:10,791 - INFO - Val: mrrs={'MRR@5': 0.03011860100396553, 'MRR@10': 0.033796098984602056, 'MRR@20': 0.03632273508911321}
2026-07-11 18:56:34,553 - INFO - Best NDCG@20: 0.05438713046478291
2026-07-11 18:56:34,553 - INFO - Test: CE=2.4344  recalls={'Recall@5': 0.03694937077986452, 'Recall@10': 0.0583437488018635, 'Recall@20': 0.0887241782140898}
2026-07-11 18:56:34,553 - INFO - Test: ndcgs={'NDCG@5': 0.02450938261205994, 'NDCG@10': 0.031355731500024894, 'NDCG@20': 0.038994488396278136}
2026-07-11 18:56:34,553 - INFO - Test: mrrs={'MRR@5': 0.020434199091918414, 'MRR@10': 0.02321775646154797, 'MRR@20': 0.025292246658934574}
2026-07-11 18:56:34,602 - INFO - Best model saved to ./model/ckpt/Beauty_kmeans_L4_lam1/Jul-11-2026_15-59-27/best_model.pth
2026-07-11 18:56:34,602 - INFO - Epoch 155/200
2026-07-11 18:57:07,322 - INFO - Train: total=2.1140
2026-07-11 18:57:30,692 - INFO - Val: CE=2.2688  recalls={'Recall@5': 0.05440464433954125, 'Recall@10': 0.08095257768463424, 'Recall@20': 0.11827483168071687}
2026-07-11 18:57:30,692 - INFO - Val: ndcgs={'NDCG@5': 0.03579481347971656, 'NDCG@10': 0.04430214227916665, 'NDCG@20': 0.053739977766691746}
2026-07-11 18:57:30,692 - INFO - Val: mrrs={'MRR@5': 0.02970914963668796, 'MRR@10': 0.033174379610320624, 'MRR@20': 0.03576570858103683}
2026-07-11 18:57:30,692 - INFO - No improvement in NDCG@20. Early stop counter: 1
2026-07-11 18:57:30,692 - INFO - Epoch 156/200
2026-07-11 18:58:04,524 - INFO - Train: total=2.1105
2026-07-11 18:58:28,162 - INFO - Val: CE=2.2669  recalls={'Recall@5': 0.05507770127540878, 'Recall@10': 0.0818069184822522, 'Recall@20': 0.11858777868933176}
2026-07-11 18:58:28,163 - INFO - Val: ndcgs={'NDCG@5': 0.03660176342449155, 'NDCG@10': 0.04518989258337878, 'NDCG@20': 0.05445180853924718}
2026-07-11 18:58:28,163 - INFO - Val: mrrs={'MRR@5': 0.030552624758780643, 'MRR@10': 0.03406598166884383, 'MRR@20': 0.036587908690147775}
2026-07-11 18:58:52,333 - INFO - Best NDCG@20: 0.05445180853924718
2026-07-11 18:58:52,333 - INFO - Test: CE=2.4327  recalls={'Recall@5': 0.03735173113500228, 'Recall@10': 0.05708704740928222, 'Recall@20': 0.08890054883363421}
2026-07-11 18:58:52,333 - INFO - Test: ndcgs={'NDCG@5': 0.02449784429280223, 'NDCG@10': 0.03084825870656916, 'NDCG@20': 0.038885813015573076}
2026-07-11 18:58:52,333 - INFO - Test: mrrs={'MRR@5': 0.020310019184895212, 'MRR@10': 0.02291259625996563, 'MRR@20': 0.025115236438622963}
2026-07-11 18:58:52,371 - INFO - Best model saved to ./model/ckpt/Beauty_kmeans_L4_lam1/Jul-11-2026_15-59-27/best_model.pth
2026-07-11 18:58:52,371 - INFO - Epoch 157/200
2026-07-11 18:59:25,489 - INFO - Train: total=2.1091
2026-07-11 18:59:48,928 - INFO - Val: CE=2.2647  recalls={'Recall@5': 0.05453876446324996, 'Recall@10': 0.08175975490409418, 'Recall@20': 0.11907955239498948}
2026-07-11 18:59:48,929 - INFO - Val: ndcgs={'NDCG@5': 0.03624152504067564, 'NDCG@10': 0.04497906383498704, 'NDCG@20': 0.054356099082388844}
2026-07-11 18:59:48,929 - INFO - Val: mrrs={'MRR@5': 0.030251443897705732, 'MRR@10': 0.033819064382032006, 'MRR@20': 0.03636204043519183}
2026-07-11 18:59:48,929 - INFO - No improvement in NDCG@20. Early stop counter: 1
2026-07-11 18:59:48,929 - INFO - Epoch 158/200
2026-07-11 19:00:21,898 - INFO - Train: total=2.1079
2026-07-11 19:00:45,227 - INFO - Val: CE=2.2681  recalls={'Recall@5': 0.053950207735623666, 'Recall@10': 0.08203045206040528, 'Recall@20': 0.11840895106896054}
2026-07-11 19:00:45,228 - INFO - Val: ndcgs={'NDCG@5': 0.0357254378561554, 'NDCG@10': 0.04470675692557809, 'NDCG@20': 0.05382945774674672}
2026-07-11 19:00:45,228 - INFO - Val: mrrs={'MRR@5': 0.029757467475260084, 'MRR@10': 0.033405844233090724, 'MRR@20': 0.035869696234001144}
2026-07-11 19:00:45,228 - INFO - No improvement in NDCG@20. Early stop counter: 2
2026-07-11 19:00:45,228 - INFO - Epoch 159/200
2026-07-11 19:01:18,446 - INFO - Train: total=2.1053
2026-07-11 19:01:41,900 - INFO - Val: CE=2.2638  recalls={'Recall@5': 0.05409169730694381, 'Recall@10': 0.08069170648511899, 'Recall@20': 0.119526619783127}
2026-07-11 19:01:41,901 - INFO - Val: ndcgs={'NDCG@5': 0.036334873366973046, 'NDCG@10': 0.044867773090645095, 'NDCG@20': 0.054670246593782064}
2026-07-11 19:01:41,901 - INFO - Val: mrrs={'MRR@5': 0.030513215837040877, 'MRR@10': 0.03399476833699487, 'MRR@20': 0.03667654649978064}
2026-07-11 19:02:05,400 - INFO - Best NDCG@20: 0.054670246593782064
2026-07-11 19:02:05,400 - INFO - Test: CE=2.4307  recalls={'Recall@5': 0.03677300015632303, 'Recall@10': 0.057628441114346354, 'Recall@20': 0.08885584212040185}
2026-07-11 19:02:05,400 - INFO - Test: ndcgs={'NDCG@5': 0.024079524804018596, 'NDCG@10': 0.03076461826495091, 'NDCG@20': 0.03860814498973283}
2026-07-11 19:02:05,401 - INFO - Test: mrrs={'MRR@5': 0.019938478688009947, 'MRR@10': 0.02266255975551024, 'MRR@20': 0.024787073498272014}
2026-07-11 19:02:05,448 - INFO - Best model saved to ./model/ckpt/Beauty_kmeans_L4_lam1/Jul-11-2026_15-59-27/best_model.pth
2026-07-11 19:02:05,448 - INFO - Epoch 160/200
2026-07-11 19:02:38,380 - INFO - Train: total=2.1009
2026-07-11 19:03:01,617 - INFO - Val: CE=2.2669  recalls={'Recall@5': 0.054764754466648524, 'Recall@10': 0.08234831171565941, 'Recall@20': 0.11858532217215315}
2026-07-11 19:03:01,617 - INFO - Val: ndcgs={'NDCG@5': 0.03679253345419345, 'NDCG@10': 0.04566409019553482, 'NDCG@20': 0.054803581750460066}
2026-07-11 19:03:01,617 - INFO - Val: mrrs={'MRR@5': 0.0309086411565846, 'MRR@10': 0.034542599706930535, 'MRR@20': 0.03703983458530462}
2026-07-11 19:03:25,201 - INFO - Best NDCG@20: 0.054803581750460066
2026-07-11 19:03:25,201 - INFO - Test: CE=2.4333  recalls={'Recall@5': 0.037078577945160764, 'Recall@10': 0.0572658745100314, 'Recall@20': 0.0885006443841199}
2026-07-11 19:03:25,201 - INFO - Test: ndcgs={'NDCG@5': 0.024190142924613578, 'NDCG@10': 0.03069003830891694, 'NDCG@20': 0.03855685481617763}
2026-07-11 19:03:25,202 - INFO - Test: mrrs={'MRR@5': 0.019992724280852362, 'MRR@10': 0.022658830903802274, 'MRR@20': 0.02480123473841961}
2026-07-11 19:03:25,248 - INFO - Best model saved to ./model/ckpt/Beauty_kmeans_L4_lam1/Jul-11-2026_15-59-27/best_model.pth
2026-07-11 19:03:25,248 - INFO - Epoch 161/200
2026-07-11 19:03:58,015 - INFO - Train: total=2.0998
2026-07-11 19:04:21,157 - INFO - Val: CE=2.2655  recalls={'Recall@5': 0.054536308002030645, 'Recall@10': 0.08184179949849972, 'Recall@20': 0.11769118755176472}
2026-07-11 19:04:21,157 - INFO - Val: ndcgs={'NDCG@5': 0.0362572444986568, 'NDCG@10': 0.04501375524714877, 'NDCG@20': 0.054022673537451056}
2026-07-11 19:04:21,157 - INFO - Val: mrrs={'MRR@5': 0.030261351390194164, 'MRR@10': 0.033832384404314624, 'MRR@20': 0.0362756994149204}
2026-07-11 19:04:21,157 - INFO - No improvement in NDCG@20. Early stop counter: 1
2026-07-11 19:04:21,157 - INFO - Epoch 162/200
2026-07-11 19:04:54,494 - INFO - Train: total=2.0988
2026-07-11 19:05:17,695 - INFO - Val: CE=2.2680  recalls={'Recall@5': 0.05467042814972191, 'Recall@10': 0.08171504847865248, 'Recall@20': 0.11764402473705138}
2026-07-11 19:05:17,696 - INFO - Val: ndcgs={'NDCG@5': 0.036417653946038096, 'NDCG@10': 0.04511433277906682, 'NDCG@20': 0.054179671569227726}
2026-07-11 19:05:17,696 - INFO - Val: mrrs={'MRR@5': 0.03044078407745185, 'MRR@10': 0.034002259231268435, 'MRR@20': 0.03648068264747326}
2026-07-11 19:05:17,696 - INFO - No improvement in NDCG@20. Early stop counter: 2
2026-07-11 19:05:17,696 - INFO - Epoch 163/200
2026-07-11 19:05:51,643 - INFO - Train: total=2.0978
2026-07-11 19:06:15,214 - INFO - Val: CE=2.2668  recalls={'Recall@5': 0.05418111058951319, 'Recall@10': 0.08206778929804656, 'Recall@20': 0.11854061533101383}
2026-07-11 19:06:15,214 - INFO - Val: ndcgs={'NDCG@5': 0.03610290759223086, 'NDCG@10': 0.045077535806447584, 'NDCG@20': 0.05425051154265012}
2026-07-11 19:06:15,214 - INFO - Val: mrrs={'MRR@5': 0.030168081244030098, 'MRR@10': 0.033847218745611925, 'MRR@20': 0.036339681050460385}
2026-07-11 19:06:15,214 - INFO - No improvement in NDCG@20. Early stop counter: 3
2026-07-11 19:06:15,214 - INFO - Epoch 164/200
2026-07-11 19:06:47,867 - INFO - Train: total=2.0979
2026-07-11 19:07:11,147 - INFO - Val: CE=2.2651  recalls={'Recall@5': 0.05476721076798413, 'Recall@10': 0.08256693274710056, 'Recall@20': 0.11849836482318686}
2026-07-11 19:07:11,147 - INFO - Val: ndcgs={'NDCG@5': 0.03689949904356647, 'NDCG@10': 0.045800435562646055, 'NDCG@20': 0.05479502870177634}
2026-07-11 19:07:11,147 - INFO - Val: mrrs={'MRR@5': 0.031037577988515915, 'MRR@10': 0.03465871244435131, 'MRR@20': 0.037080468821774994}
2026-07-11 19:07:11,147 - INFO - No improvement in NDCG@20. Early stop counter: 4
2026-07-11 19:07:11,147 - INFO - Epoch 165/200
2026-07-11 19:07:38,228 - INFO - Train: total=2.0944
2026-07-11 19:08:01,540 - INFO - Val: CE=2.2687  recalls={'Recall@5': 0.05463063410711135, 'Recall@10': 0.08224907252026219, 'Recall@20': 0.11853815884581195}
2026-07-11 19:08:01,541 - INFO - Val: ndcgs={'NDCG@5': 0.036247879410634225, 'NDCG@10': 0.0451057106816078, 'NDCG@20': 0.05427980893431431}
2026-07-11 19:08:01,541 - INFO - Val: mrrs={'MRR@5': 0.030226552071521466, 'MRR@10': 0.03383890506331789, 'MRR@20': 0.036356622156339335}
2026-07-11 19:08:01,541 - INFO - No improvement in NDCG@20. Early stop counter: 5
2026-07-11 19:08:01,541 - INFO - Epoch 166/200
2026-07-11 19:08:33,781 - INFO - Train: total=2.0930
2026-07-11 19:08:56,785 - INFO - Val: CE=2.2627  recalls={'Recall@5': 0.054677797489411845, 'Recall@10': 0.08202553889814108, 'Recall@20': 0.11988672941859188}
2026-07-11 19:08:56,785 - INFO - Val: ndcgs={'NDCG@5': 0.03676437412072853, 'NDCG@10': 0.045554090509103216, 'NDCG@20': 0.055117719516941534}
2026-07-11 19:08:56,785 - INFO - Val: mrrs={'MRR@5': 0.030878819964922036, 'MRR@10': 0.034474757445032825, 'MRR@20': 0.037094367802434886}
2026-07-11 19:09:20,056 - INFO - Best NDCG@20: 0.055117719516941534
2026-07-11 19:09:20,056 - INFO - Test: CE=2.4296  recalls={'Recall@5': 0.03744360098671248, 'Recall@10': 0.05749677732794709, 'Recall@20': 0.08903958157600252}
2026-07-11 19:09:20,056 - INFO - Test: ndcgs={'NDCG@5': 0.024650152830622867, 'NDCG@10': 0.031089939404870565, 'NDCG@20': 0.039006387099399846}
2026-07-11 19:09:20,056 - INFO - Test: mrrs={'MRR@5': 0.020457657954411766, 'MRR@10': 0.02308855486869844, 'MRR@20': 0.025230592183664826}
2026-07-11 19:09:20,102 - INFO - Best model saved to ./model/ckpt/Beauty_kmeans_L4_lam1/Jul-11-2026_15-59-27/best_model.pth
2026-07-11 19:09:20,103 - INFO - Epoch 167/200
2026-07-11 19:09:53,513 - INFO - Train: total=2.0942
2026-07-11 19:10:17,078 - INFO - Val: CE=2.2662  recalls={'Recall@5': 0.05377138069882797, 'Recall@10': 0.08207515868170451, 'Recall@20': 0.1184983648591607}
2026-07-11 19:10:17,078 - INFO - Val: ndcgs={'NDCG@5': 0.03604851018381605, 'NDCG@10': 0.045123696495087365, 'NDCG@20': 0.054274132870969084}
2026-07-11 19:10:17,078 - INFO - Val: mrrs={'MRR@5': 0.030241831053895756, 'MRR@10': 0.033941391881459386, 'MRR@20': 0.03642111131671592}
2026-07-11 19:10:17,078 - INFO - No improvement in NDCG@20. Early stop counter: 1
2026-07-11 19:10:17,078 - INFO - Epoch 168/200
2026-07-11 19:10:51,154 - INFO - Train: total=2.0879
2026-07-11 19:11:14,552 - INFO - Val: CE=2.2640  recalls={'Recall@5': 0.054936212155760104, 'Recall@10': 0.08221664765745786, 'Recall@20': 0.1193006296997866}
2026-07-11 19:11:14,553 - INFO - Val: ndcgs={'NDCG@5': 0.036531066811791434, 'NDCG@10': 0.0453018867870385, 'NDCG@20': 0.054629456969337784}
2026-07-11 19:11:14,553 - INFO - Val: mrrs={'MRR@5': 0.03049176306036089, 'MRR@10': 0.03408204380157024, 'MRR@20': 0.036616414081647015}
2026-07-11 19:11:14,553 - INFO - No improvement in NDCG@20. Early stop counter: 2
2026-07-11 19:11:14,553 - INFO - Epoch 169/200
2026-07-11 19:11:47,803 - INFO - Train: total=2.0882
2026-07-11 19:12:11,135 - INFO - Val: CE=2.2646  recalls={'Recall@5': 0.054171285000449855, 'Recall@10': 0.08117856734827993, 'Recall@20': 0.11804884067005098}
2026-07-11 19:12:11,136 - INFO - Val: ndcgs={'NDCG@5': 0.03626532447344499, 'NDCG@10': 0.044923103280573314, 'NDCG@20': 0.0542432981115554}
2026-07-11 19:12:11,136 - INFO - Val: mrrs={'MRR@5': 0.030401997307171573, 'MRR@10': 0.03393104506252821, 'MRR@20': 0.03648787826327647}
2026-07-11 19:12:11,136 - INFO - No improvement in NDCG@20. Early stop counter: 3
2026-07-11 19:12:11,136 - INFO - Epoch 170/200
2026-07-11 19:12:44,410 - INFO - Train: total=2.0877
2026-07-11 19:13:08,271 - INFO - Val: CE=2.2663  recalls={'Recall@5': 0.05403962114210292, 'Recall@10': 0.08188896260899792, 'Recall@20': 0.11876414877726285}
2026-07-11 19:13:08,272 - INFO - Val: ndcgs={'NDCG@5': 0.03614396338307103, 'NDCG@10': 0.045117707565314906, 'NDCG@20': 0.054416953220307956}
2026-07-11 19:13:08,272 - INFO - Val: mrrs={'MRR@5': 0.03027832524575165, 'MRR@10': 0.03396166056092797, 'MRR@20': 0.03650234485606667}
2026-07-11 19:13:08,272 - INFO - No improvement in NDCG@20. Early stop counter: 4
2026-07-11 19:13:08,272 - INFO - Epoch 171/200
2026-07-11 19:13:42,087 - INFO - Train: total=2.0860
2026-07-11 19:14:05,844 - INFO - Val: CE=2.2650  recalls={'Recall@5': 0.0550703322275066, 'Recall@10': 0.08202308291657288, 'Recall@20': 0.11786755820328586}
2026-07-11 19:14:05,844 - INFO - Val: ndcgs={'NDCG@5': 0.03665282436578571, 'NDCG@10': 0.04530621634380564, 'NDCG@20': 0.054336974323355464}
2026-07-11 19:14:05,845 - INFO - Val: mrrs={'MRR@5': 0.030623131984237245, 'MRR@10': 0.03415791816757632, 'MRR@20': 0.036620150949274365}
2026-07-11 19:14:05,845 - INFO - No improvement in NDCG@20. Early stop counter: 5
2026-07-11 19:14:05,845 - INFO - Epoch 172/200
2026-07-11 19:14:39,342 - INFO - Train: total=2.0830
2026-07-11 19:15:02,853 - INFO - Val: CE=2.2650  recalls={'Recall@5': 0.055206908820428814, 'Recall@10': 0.08242544301989381, 'Recall@20': 0.11880885546651265}
2026-07-11 19:15:02,854 - INFO - Val: ndcgs={'NDCG@5': 0.03677335865555787, 'NDCG@10': 0.045488799598403754, 'NDCG@20': 0.05462968824910951}
2026-07-11 19:15:02,854 - INFO - Val: mrrs={'MRR@5': 0.03073976214979116, 'MRR@10': 0.03428568160800911, 'MRR@20': 0.03676422038805059}
2026-07-11 19:15:02,854 - INFO - No improvement in NDCG@20. Early stop counter: 6
2026-07-11 19:15:02,854 - INFO - Epoch 173/200
2026-07-11 19:15:36,343 - INFO - Train: total=2.0820
2026-07-11 19:15:59,695 - INFO - Val: CE=2.2645  recalls={'Recall@5': 0.05628232650714626, 'Recall@10': 0.08193121288499351, 'Recall@20': 0.11827237477582028}
2026-07-11 19:15:59,695 - INFO - Val: ndcgs={'NDCG@5': 0.03693515744835714, 'NDCG@10': 0.0451807952396044, 'NDCG@20': 0.05434089509946146}
2026-07-11 19:15:59,696 - INFO - Val: mrrs={'MRR@5': 0.030613330892355146, 'MRR@10': 0.03398806166129643, 'MRR@20': 0.03648737620796145}
2026-07-11 19:15:59,696 - INFO - No improvement in NDCG@20. Early stop counter: 7
2026-07-11 19:15:59,696 - INFO - Epoch 174/200
2026-07-11 19:16:33,072 - INFO - Train: total=2.0818
2026-07-11 19:16:56,234 - INFO - Val: CE=2.2638  recalls={'Recall@5': 0.054352568390543365, 'Recall@10': 0.08301399977549974, 'Recall@20': 0.11943966301773623}
2026-07-11 19:16:56,235 - INFO - Val: ndcgs={'NDCG@5': 0.03626585717596785, 'NDCG@10': 0.04546455331166702, 'NDCG@20': 0.05464117925478217}
2026-07-11 19:16:56,235 - INFO - Val: mrrs={'MRR@5': 0.03035920665523461, 'MRR@10': 0.034115069640236764, 'MRR@20': 0.036616719315875755}
2026-07-11 19:16:56,235 - INFO - No improvement in NDCG@20. Early stop counter: 8
2026-07-11 19:16:56,235 - INFO - Epoch 175/200
2026-07-11 19:17:28,993 - INFO - Train: total=2.0783
2026-07-11 19:17:53,257 - INFO - Val: CE=2.2655  recalls={'Recall@5': 0.05547023617338725, 'Recall@10': 0.08125324261498681, 'Recall@20': 0.11854061539496731}
2026-07-11 19:17:53,257 - INFO - Val: ndcgs={'NDCG@5': 0.03707809439888264, 'NDCG@10': 0.045358930836339746, 'NDCG@20': 0.054765232982585614}
2026-07-11 19:17:53,258 - INFO - Val: mrrs={'MRR@5': 0.031049082305506192, 'MRR@10': 0.034433860010007804, 'MRR@20': 0.03700383517855195}
2026-07-11 19:17:53,258 - INFO - No improvement in NDCG@20. Early stop counter: 9
2026-07-11 19:17:53,258 - INFO - Epoch 176/200
2026-07-11 19:18:26,419 - INFO - Train: total=2.0783
2026-07-11 19:18:49,614 - INFO - Val: CE=2.2652  recalls={'Recall@5': 0.054263154816186224, 'Recall@10': 0.08260672625010361, 'Recall@20': 0.11965828356952626}
2026-07-11 19:18:49,614 - INFO - Val: ndcgs={'NDCG@5': 0.036571990079026624, 'NDCG@10': 0.045729701081490694, 'NDCG@20': 0.055021108268028675}
2026-07-11 19:18:49,614 - INFO - Val: mrrs={'MRR@5': 0.030769190220402098, 'MRR@10': 0.034544168628228615, 'MRR@20': 0.03705473548918563}
2026-07-11 19:18:49,614 - INFO - No improvement in NDCG@20. Early stop counter: 10
2026-07-11 19:18:49,614 - INFO - Early stopping triggered.


